adcode,province,city,district,level,lng,lat
410000,河南省,,,province,113.753094,34.767052
410300,河南省,洛阳市,,city,112.453895,34.619702
410323,河南省,洛阳市,新安县,district,112.13246,34.728909
410324,河南省,洛阳市,栾川县,district,111.615729,33.7857
410329,河南省,洛阳市,伊川县,district,112.425751,34.421741
410303,河南省,洛阳市,西工区,district,112.428183,34.659959
410327,河南省,洛阳市,宜阳县,district,112.179187,34.51462
410328,河南省,洛阳市,洛宁县,district,111.652958,34.389371
410308,河南省,洛阳市,孟津区,district,112.44525,34.825587
410304,河南省,洛阳市,瀍河回族区,district,112.500131,34.679773
410326,河南省,洛阳市,汝阳县,district,112.473013,34.154283
410302,河南省,洛阳市,老城区,district,112.469071,34.683645
410305,河南省,洛阳市,涧西区,district,112.395766,34.658177
410311,河南省,洛阳市,洛龙区,district,112.463833,34.619711
410325,河南省,洛阳市,嵩县,district,112.085432,34.134639
410307,河南省,洛阳市,偃师区,district,112.789375,34.72715
411100,河南省,漯河市,,city,114.0166,33.58038
411122,河南省,漯河市,临颍县,district,113.931121,33.828096
411103,河南省,漯河市,郾城区,district,114.006596,33.587697
411102,河南省,漯河市,源汇区,district,113.984164,33.572319
411104,河南省,漯河市,召陵区,district,114.093879,33.586509
411121,河南省,漯河市,舞阳县,district,113.609327,33.438259
411300,河南省,南阳市,,city,112.584753,33.016102
411323,河南省,南阳市,西峡县,district,111.473644,33.307272
411303,河南省,南阳市,卧龙区,district,112.528524,32.990313
411321,河南省,南阳市,南召县,district,112.429277,33.489804
411328,河南省,南阳市,唐河县,district,112.80829,32.682464
411326,河南省,南阳市,淅川县,district,111.490902,33.137831
411330,河南省,南阳市,桐柏县,district,113.428702,32.379164
411327,河南省,南阳市,社旗县,district,112.948183,33.056229
411324,河南省,南阳市,镇平县,district,112.234571,33.033826
411322,河南省,南阳市,方城县,district,113.012849,33.255387
411329,河南省,南阳市,新野县,district,112.3601,32.521282
411381,河南省,南阳市,邓州市,district,112.08745,32.687732
411325,河南省,南阳市,内乡县,district,111.849354,33.044698
411302,河南省,南阳市,宛城区,district,112.539506,33.003564
411500,河南省,信阳市,,city,114.091058,32.148624
411502,河南省,信阳市,浉河区,district,114.05867,32.116885
411527,河南省,信阳市,淮滨县,district,115.420101,32.474772
411528,河南省,信阳市,息县,district,114.740392,32.34312
411525,河南省,信阳市,固始县,district,115.654066,32.169239
411526,河南省,信阳市,潢川县,district,115.051683,32.131426
411524,河南省,信阳市,商城县,district,115.406894,31.79832
411523,河南省,信阳市,新县,district,114.879309,31.643914
411522,河南省,信阳市,光山县,district,114.91934,32.010736
411521,河南省,信阳市,罗山县,district,114.512838,32.20436
411503,河南省,信阳市,平桥区,district,114.125595,32.101005
410900,河南省,濮阳市,,city,115.029246,35.762731
410926,河南省,濮阳市,范县,district,115.504081,35.85302
410927,河南省,濮阳市,台前县,district,115.871671,35.970286
410902,河南省,濮阳市,华龙区,district,115.074453,35.778289
410923,河南省,濮阳市,南乐县,district,115.205876,36.070219
410922,河南省,濮阳市,清丰县,district,115.104602,35.886694
410928,河南省,濮阳市,濮阳县,district,115.029165,35.713113
411200,河南省,三门峡市,,city,111.200482,34.773196
411221,河南省,三门峡市,渑池县,district,111.761753,34.767937
411202,河南省,三门峡市,湖滨区,district,111.188552,34.771296
411203,河南省,三门峡市,陕州区,district,111.103252,34.72066
411224,河南省,三门峡市,卢氏县,district,111.04522,34.051866
411282,河南省,三门峡市,灵宝市,district,110.894225,34.517734
411281,河南省,三门峡市,义马市,district,111.874726,34.747563
419001,河南省,济源市,,city,112.602347,35.069057
411000,河南省,许昌市,,city,113.852004,34.03732
411003,河南省,许昌市,建安区,district,113.822869,34.124729
411025,河南省,许昌市,襄城县,district,113.506904,33.851609
411082,河南省,许昌市,长葛市,district,113.813972,34.195458
411081,河南省,许昌市,禹州市,district,113.488715,34.142442
411024,河南省,许昌市,鄢陵县,district,114.177329,34.102985
411002,河南省,许昌市,魏都区,district,113.830826,34.047189
410800,河南省,焦作市,,city,113.241902,35.215726
410883,河南省,焦作市,孟州市,district,112.791372,34.907229
410825,河南省,焦作市,温县,district,113.08067,34.93961
410804,河南省,焦作市,马村区,district,113.32212,35.257084
410821,河南省,焦作市,修武县,district,113.447862,35.22286
410803,河南省,焦作市,中站区,district,113.182847,35.237227
410811,河南省,焦作市,山阳区,district,113.254581,35.215054
410802,河南省,焦作市,解放区,district,113.230555,35.240403
410823,河南省,焦作市,武陟县,district,113.401848,35.099458
410822,河南省,焦作市,博爱县,district,113.064701,35.170332
410882,河南省,焦作市,沁阳市,district,112.950873,35.087569
410200,河南省,开封市,,city,114.314278,34.798083
410223,河南省,开封市,尉氏县,district,114.19305,34.411437
410204,河南省,开封市,鼓楼区,district,114.348356,34.788473
410205,河南省,开封市,禹王台区,district,114.348105,34.777052
410203,河南省,开封市,顺河回族区,district,114.360824,34.795933
410202,河南省,开封市,龙亭区,district,114.355378,34.815515
410212,河南省,开封市,祥符区,district,114.441406,34.757546
410225,河南省,开封市,兰考县,district,114.818228,34.856372
410221,河南省,开封市,杞县,district,114.782629,34.549731
410222,河南省,开封市,通许县,district,114.47315,34.502053
411700,河南省,驻马店市,,city,114.021988,33.014038
411721,河南省,驻马店市,西平县,district,114.021492,33.387658
411722,河南省,驻马店市,上蔡县,district,114.264381,33.262439
411728,河南省,驻马店市,遂平县,district,114.013323,33.146316
411702,河南省,驻马店市,驿城区,district,113.993753,32.97455
411723,河南省,驻马店市,平舆县,district,114.618537,32.96344
411727,河南省,驻马店市,汝南县,district,114.362477,33.006808
411726,河南省,驻马店市,泌阳县,district,113.327144,32.723974
411725,河南省,驻马店市,确山县,district,114.016818,32.82134
411724,河南省,驻马店市,正阳县,district,114.392774,32.605697
411729,河南省,驻马店市,新蔡县,district,114.965519,32.74488
410500,河南省,安阳市,,city,114.39248,36.098779
410581,河南省,安阳市,林州市,district,113.819275,36.084127
410505,河南省,安阳市,殷都区,district,114.303454,36.109938
410503,河南省,安阳市,北关区,district,114.355742,36.10766
410522,河南省,安阳市,安阳县,district,114.462953,36.09211
410506,河南省,安阳市,龙安区,district,114.301037,36.076937
410523,河南省,安阳市,汤阴县,district,114.357686,35.925155
410526,河南省,安阳市,滑县,district,114.517977,35.576128
410527,河南省,安阳市,内黄县,district,114.90146,35.972016
410502,河南省,安阳市,文峰区,district,114.356967,36.090593
410600,河南省,鹤壁市,,city,114.297305,35.748329
410622,河南省,鹤壁市,淇县,district,114.208851,35.622571
410602,河南省,鹤壁市,鹤山区,district,114.163133,35.954647
410603,河南省,鹤壁市,山城区,district,114.184391,35.897862
410611,河南省,鹤壁市,淇滨区,district,114.298748,35.741763
410621,河南省,鹤壁市,浚县,district,114.550611,35.677249
410700,河南省,新乡市,,city,113.92679,35.303589
410704,河南省,新乡市,凤泉区,district,113.916183,35.384428
410711,河南省,新乡市,牧野区,district,113.908561,35.315614
410703,河南省,新乡市,卫滨区,district,113.865666,35.301796
410721,河南省,新乡市,新乡县,district,113.813884,35.170066
410702,河南省,新乡市,红旗区,district,113.983358,35.306182
410726,河南省,新乡市,延津县,district,114.205624,35.165876
410781,河南省,新乡市,卫辉市,district,114.064584,35.398357
410724,河南省,新乡市,获嘉县,district,113.657551,35.260153
410783,河南省,新乡市,长垣市,district,114.66885,35.201628
410725,河南省,新乡市,原阳县,district,113.939829,35.066873
410727,河南省,新乡市,封丘县,district,114.418907,35.041237
410782,河南省,新乡市,辉县市,district,113.80572,35.462964
410400,河南省,平顶山市,,city,113.192595,33.766554
410404,河南省,平顶山市,石龙区,district,112.898845,33.899247
410403,河南省,平顶山市,卫东区,district,113.335316,33.735388
410421,河南省,平顶山市,宝丰县,district,113.054538,33.869159
410402,河南省,平顶山市,新华区,district,113.296956,33.736486
410423,河南省,平顶山市,鲁山县,district,112.908052,33.738434
410411,河南省,平顶山市,湛河区,district,113.3208727,33.72568115
410482,河南省,平顶山市,汝州市,district,112.844696,34.16717
410481,河南省,平顶山市,舞钢市,district,113.516427,33.314147
410425,河南省,平顶山市,郏县,district,113.21261,33.971787
410422,河南省,平顶山市,叶县,district,113.357476,33.627437
410100,河南省,郑州市,,city,113.625351,34.746303
410185,河南省,郑州市,登封市,district,113.05056,34.454877
410122,河南省,郑州市,中牟县,district,113.975798,34.720535
410108,河南省,郑州市,惠济区,district,113.617055,34.867994
410106,河南省,郑州市,上街区,district,113.309185,34.803514
410182,河南省,郑州市,荥阳市,district,113.383385,34.7866
410183,河南省,郑州市,新密市,district,113.390932,34.540216
410104,河南省,郑州市,管城回族区,district,113.677446,34.754436
410181,河南省,郑州市,巩义市,district,113.022354,34.748207
410184,河南省,郑州市,新郑市,district,113.74024,34.396479
410105,河南省,郑州市,金水区,district,113.6603,34.800415
410103,河南省,郑州市,二七区,district,113.640177,34.724138
410102,河南省,郑州市,中原区,district,113.612966,34.74828
411600,河南省,周口市,,city,114.701222,33.634652
411603,河南省,周口市,淮阳区,district,114.852604,33.731543
411624,河南省,周口市,沈丘县,district,115.098541,33.409805
411625,河南省,周口市,郸城县,district,115.177141,33.64601
411627,河南省,周口市,太康县,district,114.837946,34.064513
411681,河南省,周口市,项城市,district,114.875128,33.465609
411622,河南省,周口市,西华县,district,114.529709,33.768277
411621,河南省,周口市,扶沟县,district,114.394666,34.060062
411602,河南省,周口市,川汇区,district,114.650551,33.647679
411623,河南省,周口市,商水县,district,114.608135,33.562072
411628,河南省,周口市,鹿邑县,district,115.484525,33.860698
411400,河南省,商丘市,,city,115.656358,34.415165
411421,河南省,商丘市,民权县,district,115.175019,34.648384
411426,河南省,商丘市,夏邑县,district,116.131422,34.237801
411425,河南省,商丘市,虞城县,district,115.828519,34.400868
411402,河南省,商丘市,梁园区,district,115.613609,34.444519
411403,河南省,商丘市,睢阳区,district,115.653258,34.389048
411481,河南省,商丘市,永城市,district,116.449864,33.929927
411423,河南省,商丘市,宁陵县,district,115.314221,34.461226
411422,河南省,商丘市,睢县,district,115.071957,34.446572
411424,河南省,商丘市,柘城县,district,115.305182,34.092015
440000,广东省,,,province,113.266887,23.133306
440500,广东省,汕头市,,city,116.681956,23.354152
440515,广东省,汕头市,澄海区,district,116.755945,23.466314
440523,广东省,汕头市,南澳县,district,117.023482,23.421658
440512,广东省,汕头市,濠江区,district,116.726701,23.286605
440513,广东省,汕头市,潮阳区,district,116.601677,23.264923
440514,广东省,汕头市,潮南区,district,116.439105,23.239196
440511,广东省,汕头市,金平区,district,116.70341,23.365716
440507,广东省,汕头市,龙湖区,district,116.716464,23.372211
440600,广东省,佛山市,,city,113.121586,23.021351
440608,广东省,佛山市,高明区,district,112.892573,22.900047
440607,广东省,佛山市,三水区,district,112.897271,23.156675
440605,广东省,佛山市,南海区,district,113.143246,23.028875
440604,广东省,佛山市,禅城区,district,113.122532,23.009475
440606,广东省,佛山市,顺德区,district,113.293197,22.805413
441200,广东省,肇庆市,,city,112.465245,23.047747
441226,广东省,肇庆市,德庆县,district,111.785544,23.145035
441225,广东省,肇庆市,封开县,district,111.512177,23.423928
441202,广东省,肇庆市,端州区,district,112.485577,23.051847
441204,广东省,肇庆市,高要区,district,112.458055,23.02474
441224,广东省,肇庆市,怀集县,district,112.166908,23.920806
441203,广东省,肇庆市,鼎湖区,district,112.56738,23.159062
441223,广东省,肇庆市,广宁县,district,112.440694,23.634808
441284,广东省,肇庆市,四会市,district,112.734309,23.326991
441300,广东省,惠州市,,city,114.415587,23.112368
441323,广东省,惠州市,惠东县,district,114.720136,22.984831
441303,广东省,惠州市,惠阳区,district,114.456107,22.789431
441324,广东省,惠州市,龙门县,district,114.254898,23.727873
441322,广东省,惠州市,博罗县,district,114.289602,23.172587
441302,广东省,惠州市,惠城区,district,114.382526,23.084657
440300,广东省,深圳市,,city,114.057939,22.543527
440306,广东省,深圳市,宝安区,district,113.883831,22.554986
440305,广东省,深圳市,南山区,district,113.930478,22.533191
440307,广东省,深圳市,龙岗区,district,114.246884,22.720889
440311,广东省,深圳市,光明区,district,113.94733,22.744136
440303,广东省,深圳市,罗湖区,district,114.131611,22.548309
440308,广东省,深圳市,盐田区,district,114.236739,22.557001
440309,广东省,深圳市,龙华区,district,114.04491,22.696735
440304,广东省,深圳市,福田区,district,114.055198,22.520922
440310,广东省,深圳市,坪山区,district,114.350844,22.708786
440400,广东省,珠海市,,city,113.576892,22.271644
440402,广东省,珠海市,香洲区,district,113.543372,22.265635
440403,广东省,珠海市,斗门区,district,113.296228,22.209134
440404,广东省,珠海市,金湾区,district,113.363224,22.146717
440499,广东省,珠海市,澳门大学横琴校区(由澳门实施管辖),district,113.548956,22.126197
440700,广东省,江门市,,city,113.081548,22.578948
440781,广东省,江门市,台山市,district,112.793812,22.251947
440704,广东省,江门市,江海区,district,113.111029,22.561301
440785,广东省,江门市,恩平市,district,112.304904,22.183743
440784,广东省,江门市,鹤山市,district,112.964203,22.765912
440703,广东省,江门市,蓬江区,district,113.078914,22.595285
440783,广东省,江门市,开平市,district,112.698113,22.377378
440705,广东省,江门市,新会区,district,113.034454,22.458519
441700,广东省,阳江市,,city,111.98343,21.856853
441721,广东省,阳江市,阳西县,district,111.617696,21.753935
441702,广东省,阳江市,江城区,district,111.95486,21.862451
441704,广东省,阳江市,阳东区,district,112.005586,21.869081
441781,广东省,阳江市,阳春市,district,111.791587,22.17041
440900,广东省,茂名市,,city,110.925533,21.662728
440982,广东省,茂名市,化州市,district,110.639581,21.664483
440904,广东省,茂名市,电白区,district,111.013368,21.513946
440983,广东省,茂名市,信宜市,district,110.946866,22.354887
440902,广东省,茂名市,茂南区,district,110.918566,21.641661
440981,广东省,茂名市,高州市,district,110.85402,21.919654
440800,广东省,湛江市,,city,110.357538,21.270108
440883,广东省,湛江市,吴川市,district,110.779361,21.440763
440811,广东省,湛江市,麻章区,district,110.333833,21.26437
440825,广东省,湛江市,徐闻县,district,110.17595,20.325969
440804,广东省,湛江市,坡头区,district,110.455192,21.244405
440803,广东省,湛江市,霞山区,district,110.397721,21.192463
440882,广东省,湛江市,雷州市,district,110.097011,20.914548
440823,广东省,湛江市,遂溪县,district,110.25043,21.378371
440881,广东省,湛江市,廉江市,district,110.286109,21.609988
440802,广东省,湛江市,赤坎区,district,110.365592,21.265948
441500,广东省,汕尾市,,city,115.375557,22.787204
441581,广东省,汕尾市,陆丰市,district,115.652142,22.91874
441521,广东省,汕尾市,海丰县,district,115.322974,22.967212
441502,广东省,汕尾市,城区,district,115.36522,22.779204
441523,广东省,汕尾市,陆河县,district,115.659978,23.301557
445100,广东省,潮州市,,city,116.621901,23.657662
445122,广东省,潮州市,饶平县,district,117.0045,23.663294
445103,广东省,潮州市,潮安区,district,116.676971,23.463598
445102,广东省,潮州市,湘桥区,district,116.628343,23.675104
445200,广东省,揭阳市,,city,116.372732,23.550968
445224,广东省,揭阳市,惠来县,district,116.295038,23.033889
445222,广东省,揭阳市,揭西县,district,115.841742,23.431314
445281,广东省,揭阳市,普宁市,district,116.165646,23.297742
445203,广东省,揭阳市,揭东区,district,116.411928,23.567252
445202,广东省,揭阳市,榕城区,district,116.36714,23.525918
440100,广东省,广州市,,city,113.264499,23.130061
440105,广东省,广州市,海珠区,district,113.317412,23.084003
440117,广东省,广州市,从化区,district,113.586329,23.54915
440114,广东省,广州市,花都区,district,113.220125,23.404326
440115,广东省,广州市,南沙区,district,113.525178,22.801435
440113,广东省,广州市,番禺区,district,113.383917,22.93756
440118,广东省,广州市,增城区,district,113.810734,23.261452
440106,广东省,广州市,天河区,district,113.361597,23.124817
440112,广东省,广州市,黄埔区,district,113.480613,23.181355
440104,广东省,广州市,越秀区,district,113.267065,23.128673
440103,广东省,广州市,荔湾区,district,113.218998,23.107123
440111,广东省,广州市,白云区,district,113.2732,23.157159
441400,广东省,梅州市,,city,116.122046,24.288832
441427,广东省,梅州市,蕉岭县,district,116.171477,24.658963
441481,广东省,梅州市,兴宁市,district,115.731133,24.137296
441424,广东省,梅州市,五华县,district,115.775751,23.932568
441422,广东省,梅州市,大埔县,district,116.694825,24.347037
441423,广东省,梅州市,丰顺县,district,116.181895,23.739364
441426,广东省,梅州市,平远县,district,115.891235,24.566928
441402,广东省,梅州市,梅江区,district,116.116686,24.31065
441403,广东省,梅州市,梅县区,district,116.081395,24.266191
441800,广东省,清远市,,city,113.056098,23.682064
441882,广东省,清远市,连州市,district,112.377255,24.780873
441881,广东省,清远市,英德市,district,113.401827,24.20716
441826,广东省,清远市,连南瑶族自治县,district,112.287212,24.725953
441823,广东省,清远市,阳山县,district,112.641199,24.465234
441821,广东省,清远市,佛冈县,district,113.531559,23.879455
441825,广东省,清远市,连山壮族瑶族自治县,district,112.093726,24.570553
441803,广东省,清远市,清新区,district,113.017747,23.734677
441802,广东省,清远市,清城区,district,113.062612,23.697889
440200,广东省,韶关市,,city,113.597324,24.810977
440224,广东省,韶关市,仁化县,district,113.749175,25.085764
440282,广东省,韶关市,南雄市,district,114.31184,25.117653
440222,广东省,韶关市,始兴县,district,114.061998,24.953908
440281,广东省,韶关市,乐昌市,district,113.347669,25.129892
440229,广东省,韶关市,翁源县,district,114.129986,24.350581
440233,广东省,韶关市,新丰县,district,114.206641,24.059909
440205,广东省,韶关市,曲江区,district,113.604591,24.682826
440204,广东省,韶关市,浈江区,district,113.611077,24.804898
440232,广东省,韶关市,乳源瑶族自治县,district,113.275875,24.775856
440203,广东省,韶关市,武江区,district,113.58792,24.7929
441600,广东省,河源市,,city,114.700215,23.744276
441624,广东省,河源市,和平县,district,114.935634,24.469177
441622,广东省,河源市,龙川县,district,115.26002,24.100599
441602,广东省,河源市,源城区,district,114.703305,23.734055
441621,广东省,河源市,紫金县,district,115.183814,23.635597
441625,广东省,河源市,东源县,district,114.7466,23.790079
441623,广东省,河源市,连平县,district,114.488358,24.369552
445300,广东省,云浮市,,city,112.044524,22.915163
445322,广东省,云浮市,郁南县,district,111.535387,23.234561
445381,广东省,云浮市,罗定市,district,111.569788,22.768345
445303,广东省,云浮市,云安区,district,112.167414,23.039536
445302,广东省,云浮市,云城区,district,112.043945,22.92815
445321,广东省,云浮市,新兴县,district,112.225174,22.695915
441900,广东省,东莞市,,city,113.751884,23.021016
442000,广东省,中山市,,city,113.392517,22.517024
150000,内蒙古自治区,,,province,111.765226,40.818233
150300,内蒙古自治区,乌海市,,city,106.79415,39.655048
150302,内蒙古自治区,乌海市,海勃湾区,district,106.8228,39.690873
150304,内蒙古自治区,乌海市,乌达区,district,106.726043,39.505609
150303,内蒙古自治区,乌海市,海南区,district,106.891472,39.441803
150200,内蒙古自治区,包头市,,city,109.95315,40.621327
150221,内蒙古自治区,包头市,土默特右旗,district,110.527831,40.578253
150223,内蒙古自治区,包头市,达尔罕茂明安联合旗,district,110.432626,41.698992
150206,内蒙古自治区,包头市,白云鄂博矿区,district,109.973195,41.769956
150202,内蒙古自治区,包头市,东河区,district,110.044008,40.57626
150205,内蒙古自治区,包头市,石拐区,district,110.060783,40.676736
150222,内蒙古自治区,包头市,固阳县,district,110.060055,41.034757
150204,内蒙古自治区,包头市,青山区,district,109.902157,40.644081
150203,内蒙古自治区,包头市,昆都仑区,district,109.840249,40.658075
150207,内蒙古自治区,包头市,九原区,district,109.968082,40.611346
150800,内蒙古自治区,巴彦淖尔市,,city,107.387767,40.742987
150824,内蒙古自治区,巴彦淖尔市,乌拉特中旗,district,108.513653,41.58813
150822,内蒙古自治区,巴彦淖尔市,磴口县,district,107.008288,40.330534
150825,内蒙古自治区,巴彦淖尔市,乌拉特后旗,district,107.074748,41.08412
150826,内蒙古自治区,巴彦淖尔市,杭锦后旗,district,107.151296,40.886596
150802,内蒙古自治区,巴彦淖尔市,临河区,district,107.363536,40.750969
150823,内蒙古自治区,巴彦淖尔市,乌拉特前旗,district,108.652114,40.737018
150821,内蒙古自治区,巴彦淖尔市,五原县,district,108.267466,41.088446
150700,内蒙古自治区,呼伦贝尔市,,city,119.77845,49.166536
150785,内蒙古自治区,呼伦贝尔市,根河市,district,121.520165,50.779758
150782,内蒙古自治区,呼伦贝尔市,牙克石市,district,120.711639,49.285947
150702,内蒙古自治区,呼伦贝尔市,海拉尔区,district,119.824542,49.234715
150783,内蒙古自治区,呼伦贝尔市,扎兰屯市,district,122.708475,48.028396
150724,内蒙古自治区,呼伦贝尔市,鄂温克族自治旗,district,119.755253,49.146692
150721,内蒙古自治区,呼伦贝尔市,阿荣旗,district,123.458943,48.126553
150723,内蒙古自治区,呼伦贝尔市,鄂伦春自治旗,district,123.725643,50.591604
150784,内蒙古自治区,呼伦贝尔市,额尔古纳市,district,120.180506,50.243102
150726,内蒙古自治区,呼伦贝尔市,新巴尔虎左旗,district,118.269782,48.21827
150722,内蒙古自治区,呼伦贝尔市,莫力达瓦达斡尔族自治旗,district,124.519023,48.477728
150725,内蒙古自治区,呼伦贝尔市,陈巴尔虎旗,district,119.424026,49.328916
150781,内蒙古自治区,呼伦贝尔市,满洲里市,district,117.379134,49.59862
150703,内蒙古自治区,呼伦贝尔市,扎赉诺尔区,district,117.669939,49.511213
150727,内蒙古自治区,呼伦贝尔市,新巴尔虎右旗,district,116.8237,48.671865
152200,内蒙古自治区,兴安盟,,city,122.037796,46.082373
152202,内蒙古自治区,兴安盟,阿尔山市,district,119.943577,47.17744
152222,内蒙古自治区,兴安盟,科尔沁右翼中旗,district,121.476357,45.060728
152224,内蒙古自治区,兴安盟,突泉县,district,121.593972,45.381918
152221,内蒙古自治区,兴安盟,科尔沁右翼前旗,district,121.952638,46.079664
152223,内蒙古自治区,兴安盟,扎赉特旗,district,122.899627,46.723154
152201,内蒙古自治区,兴安盟,乌兰浩特市,district,122.093309,46.072233
152500,内蒙古自治区,锡林郭勒盟,,city,116.047387,43.933212
152525,内蒙古自治区,锡林郭勒盟,东乌珠穆沁旗,district,116.97526,45.497329
152522,内蒙古自治区,锡林郭勒盟,阿巴嘎旗,district,114.950185,44.022831
152523,内蒙古自治区,锡林郭勒盟,苏尼特左旗,district,113.667171,43.859718
152502,内蒙古自治区,锡林郭勒盟,锡林浩特市,district,116.085814,43.933417
152526,内蒙古自治区,锡林郭勒盟,西乌珠穆沁旗,district,117.608668,44.587746
152524,内蒙古自治区,锡林郭勒盟,苏尼特右旗,district,112.641806,42.742417
152501,内蒙古自治区,锡林郭勒盟,二连浩特市,district,111.949594,43.64285
152530,内蒙古自治区,锡林郭勒盟,正蓝旗,district,115.991648,42.241815
152528,内蒙古自治区,锡林郭勒盟,镶黄旗,district,113.847287,42.232371
152531,内蒙古自治区,锡林郭勒盟,多伦县,district,116.485549,42.203454
152529,内蒙古自治区,锡林郭勒盟,正镶白旗,district,115.029748,42.287493
152527,内蒙古自治区,锡林郭勒盟,太仆寺旗,district,115.283173,41.876889
150900,内蒙古自治区,乌兰察布市,,city,113.132227,40.994526
150923,内蒙古自治区,乌兰察布市,商都县,district,113.577778,41.562176
150922,内蒙古自治区,乌兰察布市,化德县,district,114.01029,41.904123
150928,内蒙古自治区,乌兰察布市,察哈尔右翼后旗,district,113.191505,41.435937
150927,内蒙古自治区,乌兰察布市,察哈尔右翼中旗,district,112.635348,41.277449
150926,内蒙古自治区,乌兰察布市,察哈尔右翼前旗,district,113.212409,40.783551
150902,内蒙古自治区,乌兰察布市,集宁区,district,113.168973,41.000742
150924,内蒙古自治区,乌兰察布市,兴和县,district,113.834176,40.8723
150925,内蒙古自治区,乌兰察布市,凉城县,district,112.504243,40.532358
150981,内蒙古自治区,乌兰察布市,丰镇市,district,113.109875,40.437022
150929,内蒙古自治区,乌兰察布市,四子王旗,district,111.706663,41.533542
150921,内蒙古自治区,乌兰察布市,卓资县,district,112.577716,40.894618
152900,内蒙古自治区,阿拉善盟,,city,105.729135,38.851554
152923,内蒙古自治区,阿拉善盟,额济纳旗,district,101.055861,41.953963
152922,内蒙古自治区,阿拉善盟,阿拉善右旗,district,101.666917,39.216185
152921,内蒙古自治区,阿拉善盟,阿拉善左旗,district,105.666208,38.833589
150600,内蒙古自治区,鄂尔多斯市,,city,109.782473,39.608744
150625,内蒙古自治区,鄂尔多斯市,杭锦旗,district,108.736011,39.833243
150621,内蒙古自治区,鄂尔多斯市,达拉特旗,district,110.034133,40.412766
150624,内蒙古自治区,鄂尔多斯市,鄂托克旗,district,107.975948,39.089549
150623,内蒙古自治区,鄂尔多斯市,鄂托克前旗,district,107.47733,38.182402
150627,内蒙古自治区,鄂尔多斯市,伊金霍洛旗,district,109.747435,39.565064
150603,内蒙古自治区,鄂尔多斯市,康巴什区,district,109.858586,39.60793
150602,内蒙古自治区,鄂尔多斯市,东胜区,district,109.963403,39.823066
150622,内蒙古自治区,鄂尔多斯市,准格尔旗,district,111.27416,40.092513
150626,内蒙古自治区,鄂尔多斯市,乌审旗,district,108.819485,38.60453
150100,内蒙古自治区,呼和浩特市,,city,111.748814,40.842127
150125,内蒙古自治区,呼和浩特市,武川县,district,111.451226,41.096511
150122,内蒙古自治区,呼和浩特市,托克托县,district,111.193879,40.277703
150102,内蒙古自治区,呼和浩特市,新城区,district,111.665325,40.858271
150123,内蒙古自治区,呼和浩特市,和林格尔县,district,111.821695,40.379226
150105,内蒙古自治区,呼和浩特市,赛罕区,district,111.701166,40.792508
150104,内蒙古自治区,呼和浩特市,玉泉区,district,111.674157,40.753054
150124,内蒙古自治区,呼和浩特市,清水河县,district,111.647351,39.921224
150103,内蒙古自治区,呼和浩特市,回民区,district,111.623485,40.808906
150121,内蒙古自治区,呼和浩特市,土默特左旗,district,111.16373,40.729044
150400,内蒙古自治区,赤峰市,,city,118.887613,42.256876
150422,内蒙古自治区,赤峰市,巴林左旗,district,119.362832,43.961547
150430,内蒙古自治区,赤峰市,敖汉旗,district,119.921413,42.290731
150402,内蒙古自治区,赤峰市,红山区,district,118.953989,42.296317
150425,内蒙古自治区,赤峰市,克什克腾旗,district,117.545413,43.265057
150429,内蒙古自治区,赤峰市,宁城县,district,119.320056,41.600193
150421,内蒙古自治区,赤峰市,阿鲁科尔沁旗,district,120.065533,43.872398
150403,内蒙古自治区,赤峰市,元宝山区,district,119.288475,42.039602
150404,内蒙古自治区,赤峰市,松山区,district,118.916156,42.299795
150428,内蒙古自治区,赤峰市,喀喇沁旗,district,118.701934,41.927103
150424,内蒙古自治区,赤峰市,林西县,district,118.05545,43.61812
150423,内蒙古自治区,赤峰市,巴林右旗,district,118.664235,43.534171
150426,内蒙古自治区,赤峰市,翁牛特旗,district,119.006187,42.936529
150500,内蒙古自治区,通辽市,,city,122.243309,43.653566
150581,内蒙古自治区,通辽市,霍林郭勒市,district,119.681242,45.533598
150523,内蒙古自治区,通辽市,开鲁县,district,121.319216,43.601446
150524,内蒙古自治区,通辽市,库伦旗,district,121.810629,42.735556
150526,内蒙古自治区,通辽市,扎鲁特旗,district,120.917953,44.567093
150521,内蒙古自治区,通辽市,科尔沁左翼中旗,district,123.312202,44.126606
150522,内蒙古自治区,通辽市,科尔沁左翼后旗,district,122.35677,42.935105
150502,内蒙古自治区,通辽市,科尔沁区,district,122.25545,43.623133
150525,内蒙古自治区,通辽市,奈曼旗,district,120.657813,42.867433
230000,黑龙江省,,,province,126.661998,45.742253
232700,黑龙江省,大兴安岭地区,,city,124.11786,50.41129
232721,黑龙江省,大兴安岭地区,呼玛县,district,126.651856,51.725924
232718,黑龙江省,大兴安岭地区,加格达奇区,district,124.139742,50.408822
232722,黑龙江省,大兴安岭地区,塔河县,district,124.709733,52.334512
232701,黑龙江省,大兴安岭地区,漠河市,district,122.539313,52.972465
230400,黑龙江省,鹤岗市,,city,130.297687,47.350659
230422,黑龙江省,鹤岗市,绥滨县,district,131.852863,47.289522
230403,黑龙江省,鹤岗市,工农区,district,130.27472,47.318971
230407,黑龙江省,鹤岗市,兴山区,district,130.303598,47.357698
230405,黑龙江省,鹤岗市,兴安区,district,130.239289,47.252805
230402,黑龙江省,鹤岗市,向阳区,district,130.294331,47.342478
230404,黑龙江省,鹤岗市,南山区,district,130.285991,47.315121
230421,黑龙江省,鹤岗市,萝北县,district,130.820566,47.578979
230406,黑龙江省,鹤岗市,东山区,district,130.317151,47.338571
231100,黑龙江省,黑河市,,city,127.528226,50.244887
231181,黑龙江省,黑河市,北安市,district,126.490989,48.241168
231123,黑龙江省,黑河市,逊克县,district,128.478698,49.56429
231182,黑龙江省,黑河市,五大连池市,district,126.205446,48.517342
231183,黑龙江省,黑河市,嫩江市,district,125.221192,49.185766
231124,黑龙江省,黑河市,孙吴县,district,127.336163,49.425645
231102,黑龙江省,黑河市,爱辉区,district,127.500703,50.252361
231000,黑龙江省,牡丹江市,,city,129.632928,44.551486
231004,黑龙江省,牡丹江市,爱民区,district,129.591227,44.595897
231002,黑龙江省,牡丹江市,东安区,district,129.626651,44.58125
231081,黑龙江省,牡丹江市,绥芬河市,district,131.151805,44.412487
231086,黑龙江省,牡丹江市,东宁市,district,131.124839,44.090361
231084,黑龙江省,牡丹江市,宁安市,district,129.482505,44.340617
231005,黑龙江省,牡丹江市,西安区,district,129.616021,44.577611
231083,黑龙江省,牡丹江市,海林市,district,129.380756,44.594017
231085,黑龙江省,牡丹江市,穆棱市,district,130.52446,44.918842
231003,黑龙江省,牡丹江市,阳明区,district,129.635836,44.595851
231025,黑龙江省,牡丹江市,林口县,district,130.282286,45.279754
230700,黑龙江省,伊春市,,city,128.840863,47.728332
230722,黑龙江省,伊春市,嘉荫县,district,130.402406,48.888613
230723,黑龙江省,伊春市,汤旺县,district,129.56205,48.456644
230724,黑龙江省,伊春市,丰林县,district,129.533661,48.290566
230719,黑龙江省,伊春市,友好区,district,128.836341,47.840801
230751,黑龙江省,伊春市,金林区,district,129.428839,47.413019
230726,黑龙江省,伊春市,南岔县,district,129.283584,47.139009
230725,黑龙江省,伊春市,大箐山县,district,129.020519,47.028313
230781,黑龙江省,伊春市,铁力市,district,128.032554,46.986604
230717,黑龙江省,伊春市,伊美区,district,128.907156,47.728257
230718,黑龙江省,伊春市,乌翠区,district,128.68003,47.729319
230300,黑龙江省,鸡西市,,city,130.969385,45.295087
230304,黑龙江省,鸡西市,滴道区,district,130.844193,45.349068
230303,黑龙江省,鸡西市,恒山区,district,130.90466,45.21119
230307,黑龙江省,鸡西市,麻山区,district,130.477691,45.211863
230302,黑龙江省,鸡西市,鸡冠区,district,130.981342,45.303892
230305,黑龙江省,鸡西市,梨树区,district,130.69699,45.092046
230381,黑龙江省,鸡西市,虎林市,district,132.937002,45.763262
230382,黑龙江省,鸡西市,密山市,district,131.846824,45.529482
230306,黑龙江省,鸡西市,城子河区,district,131.011476,45.336804
230321,黑龙江省,鸡西市,鸡东县,district,131.124083,45.260413
230200,黑龙江省,齐齐哈尔市,,city,123.918193,47.354892
230229,黑龙江省,齐齐哈尔市,克山县,district,125.875103,48.037748
230225,黑龙江省,齐齐哈尔市,甘南县,district,123.507935,47.921698
230230,黑龙江省,齐齐哈尔市,克东县,district,126.249124,48.041562
230223,黑龙江省,齐齐哈尔市,依安县,district,125.306161,47.893442
230227,黑龙江省,齐齐哈尔市,富裕县,district,124.474411,47.774038
230208,黑龙江省,齐齐哈尔市,梅里斯达斡尔族区,district,123.752482,47.309755
230207,黑龙江省,齐齐哈尔市,碾子山区,district,122.887548,47.516614
230221,黑龙江省,齐齐哈尔市,龙江县,district,123.204953,47.338512
230206,黑龙江省,齐齐哈尔市,富拉尔基区,district,123.628926,47.20873
230202,黑龙江省,齐齐哈尔市,龙沙区,district,123.958447,47.317103
230205,黑龙江省,齐齐哈尔市,昂昂溪区,district,123.822137,47.154806
230224,黑龙江省,齐齐哈尔市,泰来县,district,123.416631,46.393694
230231,黑龙江省,齐齐哈尔市,拜泉县,district,126.09905,47.59586
230204,黑龙江省,齐齐哈尔市,铁锋区,district,123.978079,47.340719
230203,黑龙江省,齐齐哈尔市,建华区,district,123.95555,47.354212
230281,黑龙江省,齐齐哈尔市,讷河市,district,124.88293,48.466829
231200,黑龙江省,绥化市,,city,126.968714,46.654147
231226,黑龙江省,绥化市,绥棱县,district,127.114928,47.235814
231283,黑龙江省,绥化市,海伦市,district,126.930191,47.450661
231224,黑龙江省,绥化市,庆安县,district,127.505861,46.864084
231221,黑龙江省,绥化市,望奎县,district,126.486333,46.832185
231202,黑龙江省,绥化市,北林区,district,126.984995,46.638114
231223,黑龙江省,绥化市,青冈县,district,126.099314,46.70398
231225,黑龙江省,绥化市,明水县,district,125.90601,47.173649
231222,黑龙江省,绥化市,兰西县,district,126.287734,46.252966
231282,黑龙江省,绥化市,肇东市,district,125.962419,46.050664
231281,黑龙江省,绥化市,安达市,district,125.307629,46.451882
230600,黑龙江省,大庆市,,city,125.104078,46.589498
230605,黑龙江省,大庆市,红岗区,district,124.891041,46.398567
230606,黑龙江省,大庆市,大同区,district,124.812221,46.039972
230623,黑龙江省,大庆市,林甸县,district,124.863628,47.171677
230604,黑龙江省,大庆市,让胡路区,district,124.889858,46.642567
230624,黑龙江省,大庆市,杜尔伯特蒙古族自治县,district,124.442829,46.862348
230602,黑龙江省,大庆市,萨尔图区,district,125.135269,46.629281
230603,黑龙江省,大庆市,龙凤区,district,125.135093,46.562369
230621,黑龙江省,大庆市,肇州县,district,125.268449,45.699543
230622,黑龙江省,大庆市,肇源县,district,125.078311,45.518982
230100,黑龙江省,哈尔滨市,,city,126.53505,45.802981
230126,黑龙江省,哈尔滨市,巴彦县,district,127.403521,46.086182
230123,黑龙江省,哈尔滨市,依兰县,district,129.567777,46.325536
230128,黑龙江省,哈尔滨市,通河县,district,128.74629,45.990214
230127,黑龙江省,哈尔滨市,木兰县,district,128.043194,45.950649
230124,黑龙江省,哈尔滨市,方正县,district,128.829513,45.851673
230125,黑龙江省,哈尔滨市,宾县,district,127.466372,45.746313
230129,黑龙江省,哈尔滨市,延寿县,district,128.311071,45.445956
230183,黑龙江省,哈尔滨市,尚志市,district,128.009218,45.209199
230113,黑龙江省,哈尔滨市,双城区,district,126.31279,45.382873
230108,黑龙江省,哈尔滨市,平房区,district,126.63675,45.597529
230112,黑龙江省,哈尔滨市,阿城区,district,126.957984,45.548671
230184,黑龙江省,哈尔滨市,五常市,district,127.167501,44.932164
230102,黑龙江省,哈尔滨市,道里区,district,126.616912,45.755832
230110,黑龙江省,哈尔滨市,香坊区,district,126.662959,45.707871
230104,黑龙江省,哈尔滨市,道外区,district,126.649094,45.792351
230103,黑龙江省,哈尔滨市,南岗区,district,126.66882,45.759967
230111,黑龙江省,哈尔滨市,呼兰区,district,126.587704,45.889557
230109,黑龙江省,哈尔滨市,松北区,district,126.516602,45.794991
230800,黑龙江省,佳木斯市,,city,130.318916,46.800002
230828,黑龙江省,佳木斯市,汤原县,district,129.904747,46.730623
230882,黑龙江省,佳木斯市,富锦市,district,132.037659,47.250144
230881,黑龙江省,佳木斯市,同江市,district,132.510113,47.642475
230883,黑龙江省,佳木斯市,抚远市,district,134.30786,48.365027
230826,黑龙江省,佳木斯市,桦川县,district,130.71908,47.023001
230805,黑龙江省,佳木斯市,东风区,district,130.403588,46.822609
230804,黑龙江省,佳木斯市,前进区,district,130.375254,46.81405
230811,黑龙江省,佳木斯市,郊区,district,130.327182,46.809596
230803,黑龙江省,佳木斯市,向阳区,district,130.365263,46.807808
230822,黑龙江省,佳木斯市,桦南县,district,130.553472,46.239314
230900,黑龙江省,七台河市,,city,131.003015,45.771178
230921,黑龙江省,七台河市,勃利县,district,130.592009,45.755856
230903,黑龙江省,七台河市,桃山区,district,131.020046,45.765733
230904,黑龙江省,七台河市,茄子河区,district,131.067545,45.785755
230902,黑龙江省,七台河市,新兴区,district,130.93226,45.816579
230500,黑龙江省,双鸭山市,,city,131.141563,46.676157
230522,黑龙江省,双鸭山市,友谊县,district,131.807815,46.767299
230502,黑龙江省,双鸭山市,尖山区,district,131.158372,46.646083
230503,黑龙江省,双鸭山市,岭东区,district,131.165067,46.592663
230506,黑龙江省,双鸭山市,宝山区,district,131.401589,46.577167
230524,黑龙江省,双鸭山市,饶河县,district,134.014125,46.79726
230523,黑龙江省,双鸭山市,宝清县,district,132.196907,46.327335
230521,黑龙江省,双鸭山市,集贤县,district,131.141452,46.728448
230505,黑龙江省,双鸭山市,四方台区,district,131.337636,46.597143
650000,新疆维吾尔自治区,,,province,87.628579,43.793301
659005,新疆维吾尔自治区,北屯市,,city,87.834419,47.326733
659008,新疆维吾尔自治区,可克达拉市,,city,80.994153,43.940381
659007,新疆维吾尔自治区,双河市,,city,82.36895,44.846859
659006,新疆维吾尔自治区,铁门关市,,city,85.670291,41.862997
654200,新疆维吾尔自治区,塔城地区,,city,82.980316,46.745364
654226,新疆维吾尔自治区,塔城地区,和布克赛尔蒙古自治县,district,85.728328,46.793235
654221,新疆维吾尔自治区,塔城地区,额敏县,district,83.628303,46.524673
654224,新疆维吾尔自治区,塔城地区,托里县,district,83.606372,45.948935
654202,新疆维吾尔自治区,塔城地区,乌苏市,district,84.713762,44.418693
654225,新疆维吾尔自治区,塔城地区,裕民县,district,82.982252,46.201049
654201,新疆维吾尔自治区,塔城地区,塔城市,district,82.986923,46.751669
654203,新疆维吾尔自治区,塔城地区,沙湾市,district,85.619483,44.326267
659009,新疆维吾尔自治区,昆玉市,,city,79.270193,37.215372
653200,新疆维吾尔自治区,和田地区,,city,79.921646,37.114406
653226,新疆维吾尔自治区,和田地区,于田县,district,81.677417,36.85708
653227,新疆维吾尔自治区,和田地区,民丰县,district,82.695946,37.064428
653201,新疆维吾尔自治区,和田地区,和田市,district,79.912881,37.112246
653224,新疆维吾尔自治区,和田地区,洛浦县,district,80.179911,37.066226
653222,新疆维吾尔自治区,和田地区,墨玉县,district,79.728434,37.277518
653223,新疆维吾尔自治区,和田地区,皮山县,district,78.28548,37.578264
653225,新疆维吾尔自治区,和田地区,策勒县,district,80.801433,36.99785
653221,新疆维吾尔自治区,和田地区,和田县,district,79.848009,37.248776
654300,新疆维吾尔自治区,阿勒泰地区,,city,88.141253,47.844924
654321,新疆维吾尔自治区,阿勒泰地区,布尔津县,district,86.875043,47.701892
654324,新疆维吾尔自治区,阿勒泰地区,哈巴河县,district,86.418621,48.060846
654322,新疆维吾尔自治区,阿勒泰地区,富蕴县,district,89.525463,46.994046
654326,新疆维吾尔自治区,阿勒泰地区,吉木乃县,district,85.874096,47.443101
654325,新疆维吾尔自治区,阿勒泰地区,青河县,district,90.375159,46.678532
654323,新疆维吾尔自治区,阿勒泰地区,福海县,district,87.486703,47.111918
654301,新疆维吾尔自治区,阿勒泰地区,阿勒泰市,district,88.131842,47.827308
659001,新疆维吾尔自治区,石河子市,,city,86.080397,44.305368
652300,新疆维吾尔自治区,昌吉回族自治州,,city,87.308995,44.011044
652325,新疆维吾尔自治区,昌吉回族自治州,奇台县,district,89.590929,44.021383
652324,新疆维吾尔自治区,昌吉回族自治州,玛纳斯县,district,86.20488,44.284601
652323,新疆维吾尔自治区,昌吉回族自治州,呼图壁县,district,86.871532,44.179362
652328,新疆维吾尔自治区,昌吉回族自治州,木垒哈萨克自治县,district,90.286013,43.834631
652302,新疆维吾尔自治区,昌吉回族自治州,阜康市,district,87.953826,44.164525
652327,新疆维吾尔自治区,昌吉回族自治州,吉木萨尔县,district,89.179698,44.000404
652301,新疆维吾尔自治区,昌吉回族自治州,昌吉市,district,87.267432,44.014468
652800,新疆维吾尔自治区,巴音郭楞蒙古自治州,,city,86.145298,41.764115
652822,新疆维吾尔自治区,巴音郭楞蒙古自治州,轮台县,district,84.251508,41.778043
652825,新疆维吾尔自治区,巴音郭楞蒙古自治州,且末县,district,85.529619,38.145749
652826,新疆维吾尔自治区,巴音郭楞蒙古自治州,焉耆回族自治县,district,86.57434,42.059509
652824,新疆维吾尔自治区,巴音郭楞蒙古自治州,若羌县,district,88.167226,39.022626
652829,新疆维吾尔自治区,巴音郭楞蒙古自治州,博湖县,district,86.632116,41.980745
652828,新疆维吾尔自治区,巴音郭楞蒙古自治州,和硕县,district,86.877688,42.28361
652827,新疆维吾尔自治区,巴音郭楞蒙古自治州,和静县,district,86.384065,42.323625
652823,新疆维吾尔自治区,巴音郭楞蒙古自治州,尉犁县,district,86.261613,41.343871
652801,新疆维吾尔自治区,巴音郭楞蒙古自治州,库尔勒市,district,86.174633,41.725891
652700,新疆维吾尔自治区,博尔塔拉蒙古自治州,,city,82.066363,44.906039
652723,新疆维吾尔自治区,博尔塔拉蒙古自治州,温泉县,district,81.024827,44.968857
652701,新疆维吾尔自治区,博尔塔拉蒙古自治州,博乐市,district,82.051433,44.853882
652722,新疆维吾尔自治区,博尔塔拉蒙古自治州,精河县,district,82.890709,44.599202
652702,新疆维吾尔自治区,博尔塔拉蒙古自治州,阿拉山口市,district,82.554609,45.173274
654000,新疆维吾尔自治区,伊犁哈萨克自治州,,city,81.323691,43.917106
654024,新疆维吾尔自治区,伊犁哈萨克自治州,巩留县,district,82.231219,43.48313
654027,新疆维吾尔自治区,伊犁哈萨克自治州,特克斯县,district,81.835732,43.218435
654026,新疆维吾尔自治区,伊犁哈萨克自治州,昭苏县,district,81.130974,43.157293
654023,新疆维吾尔自治区,伊犁哈萨克自治州,霍城县,district,80.878845,44.056329
654022,新疆维吾尔自治区,伊犁哈萨克自治州,察布查尔锡伯自治县,district,81.151337,43.840726
654004,新疆维吾尔自治区,伊犁哈萨克自治州,霍尔果斯市,district,80.414614,44.218381
654003,新疆维吾尔自治区,伊犁哈萨克自治州,奎屯市,district,84.903216,44.426452
654028,新疆维吾尔自治区,伊犁哈萨克自治州,尼勒克县,district,82.511884,43.798627
654025,新疆维吾尔自治区,伊犁哈萨克自治州,新源县,district,83.233002,43.434803
654021,新疆维吾尔自治区,伊犁哈萨克自治州,伊宁县,district,81.52745,43.977119
654002,新疆维吾尔自治区,伊犁哈萨克自治州,伊宁市,district,81.277715,43.908021
659002,新疆维吾尔自治区,阿拉尔市,,city,81.280532,40.547205
653100,新疆维吾尔自治区,喀什地区,,city,75.990618,39.470215
653131,新疆维吾尔自治区,喀什地区,塔什库尔干塔吉克自治县,district,75.229889,37.772094
653124,新疆维吾尔自治区,喀什地区,泽普县,district,77.260375,38.184639
653130,新疆维吾尔自治区,喀什地区,巴楚县,district,78.54799,39.79923
653128,新疆维吾尔自治区,喀什地区,岳普湖县,district,76.821269,39.219857
653121,新疆维吾尔自治区,喀什地区,疏附县,district,75.862839,39.375052
653101,新疆维吾尔自治区,喀什地区,喀什市,district,75.993936,39.46823
653122,新疆维吾尔自治区,喀什地区,疏勒县,district,76.047169,39.401173
653127,新疆维吾尔自治区,喀什地区,麦盖提县,district,77.609099,38.898986
653125,新疆维吾尔自治区,喀什地区,莎车县,district,77.223197,38.390881
653123,新疆维吾尔自治区,喀什地区,英吉沙县,district,76.175729,38.930381
653129,新疆维吾尔自治区,喀什地区,伽师县,district,76.723719,39.488181
653126,新疆维吾尔自治区,喀什地区,叶城县,district,77.413669,37.882994
650200,新疆维吾尔自治区,克拉玛依市,,city,84.889239,45.577712
650205,新疆维吾尔自治区,克拉玛依市,乌尔禾区,district,85.687497,46.093451
650202,新疆维吾尔自治区,克拉玛依市,独山子区,district,84.886973,44.328096
650204,新疆维吾尔自治区,克拉玛依市,白碱滩区,district,85.119047,45.685416
650203,新疆维吾尔自治区,克拉玛依市,克拉玛依区,district,84.867862,45.602347
650400,新疆维吾尔自治区,吐鲁番市,,city,89.250261,42.972736
650402,新疆维吾尔自治区,吐鲁番市,高昌区,district,89.185891,42.942728
650421,新疆维吾尔自治区,吐鲁番市,鄯善县,district,90.242843,42.900575
650422,新疆维吾尔自治区,吐鲁番市,托克逊县,district,88.643739,42.802585
650500,新疆维吾尔自治区,哈密市,,city,93.515053,42.819346
650522,新疆维吾尔自治区,哈密市,伊吾县,district,94.697074,43.254978
650521,新疆维吾尔自治区,哈密市,巴里坤哈萨克自治县,district,93.016563,43.598756
650502,新疆维吾尔自治区,哈密市,伊州区,district,93.425934,42.835492
659011,新疆维吾尔自治区,新星市,,city,93.74831,42.797043
659003,新疆维吾尔自治区,图木舒克市,,city,79.074965,39.867776
652900,新疆维吾尔自治区,阿克苏地区,,city,80.265068,41.170712
652924,新疆维吾尔自治区,阿克苏地区,沙雅县,district,82.781774,41.221413
652925,新疆维吾尔自治区,阿克苏地区,新和县,district,82.620371,41.552097
652926,新疆维吾尔自治区,阿克苏地区,拜城县,district,81.851289,41.795289
652902,新疆维吾尔自治区,阿克苏地区,库车市,district,82.998544,41.719073
652901,新疆维吾尔自治区,阿克苏地区,阿克苏市,district,80.263387,41.16755
652928,新疆维吾尔自治区,阿克苏地区,阿瓦提县,district,80.375053,40.643647
652929,新疆维吾尔自治区,阿克苏地区,柯坪县,district,79.054019,40.501645
652922,新疆维吾尔自治区,阿克苏地区,温宿县,district,80.231563,41.273561
652927,新疆维吾尔自治区,阿克苏地区,乌什县,district,79.22118,41.222706
650100,新疆维吾尔自治区,乌鲁木齐市,,city,87.616824,43.825377
650107,新疆维吾尔自治区,乌鲁木齐市,达坂城区,district,88.311099,43.363668
650106,新疆维吾尔自治区,乌鲁木齐市,头屯河区,district,87.509035,43.836553
650104,新疆维吾尔自治区,乌鲁木齐市,新市区,district,87.592684,43.893023
650102,新疆维吾尔自治区,乌鲁木齐市,天山区,district,87.631986,43.794312
650105,新疆维吾尔自治区,乌鲁木齐市,水磨沟区,district,87.64208,43.832714
650109,新疆维吾尔自治区,乌鲁木齐市,米东区,district,87.655122,43.97444
650121,新疆维吾尔自治区,乌鲁木齐市,乌鲁木齐县,district,87.464257,43.509016
650103,新疆维吾尔自治区,乌鲁木齐市,沙依巴克区,district,87.598043,43.800994
659010,新疆维吾尔自治区,胡杨河市,,city,84.827592,44.692894
659004,新疆维吾尔自治区,五家渠市,,city,87.542852,44.166489
659012,新疆维吾尔自治区,白杨市,,city,82.896936,46.727959
653000,新疆维吾尔自治区,克孜勒苏柯尔克孜自治州,,city,76.168157,39.716236
653023,新疆维吾尔自治区,克孜勒苏柯尔克孜自治州,阿合奇县,district,78.402073,40.937581
653022,新疆维吾尔自治区,克孜勒苏柯尔克孜自治州,阿克陶县,district,75.955053,39.147592
653024,新疆维吾尔自治区,克孜勒苏柯尔克孜自治州,乌恰县,district,75.259228,39.7205
653001,新疆维吾尔自治区,克孜勒苏柯尔克孜自治州,阿图什市,district,76.084541,39.667719
420000,湖北省,,,province,114.341552,30.546222
420600,湖北省,襄阳市,,city,112.121743,32.010161
420626,湖北省,襄阳市,保康县,district,111.261308,31.87831
420683,湖北省,襄阳市,枣阳市,district,112.772723,32.128968
420625,湖北省,襄阳市,谷城县,district,111.653077,32.26339
420624,湖北省,襄阳市,南漳县,district,111.838997,31.774649
420602,湖北省,襄阳市,襄城区,district,112.134025,32.009932
420606,湖北省,襄阳市,樊城区,district,112.135241,32.045065
420684,湖北省,襄阳市,宜城市,district,112.256486,31.720278
420682,湖北省,襄阳市,老河口市,district,111.683861,32.359068
420607,湖北省,襄阳市,襄州区,district,112.211365,32.088651
420300,湖北省,十堰市,,city,110.798921,32.629057
420304,湖北省,十堰市,郧阳区,district,110.812101,32.834847
420324,湖北省,十堰市,竹溪县,district,109.715322,32.318257
420303,湖北省,十堰市,张湾区,district,110.769132,32.652297
420323,湖北省,十堰市,竹山县,district,110.229696,32.225039
420302,湖北省,十堰市,茅箭区,district,110.813478,32.591847
420325,湖北省,十堰市,房县,district,110.726754,32.04017
420381,湖北省,十堰市,丹江口市,district,111.513318,32.540287
420322,湖北省,十堰市,郧西县,district,110.426005,32.993095
420500,湖北省,宜昌市,,city,111.286962,30.69217
420526,湖北省,宜昌市,兴山县,district,110.746831,31.348065
420504,湖北省,宜昌市,点军区,district,111.268338,30.69343
420527,湖北省,宜昌市,秭归县,district,110.97793,30.825882
420582,湖北省,宜昌市,当阳市,district,111.78836,30.820893
420581,湖北省,宜昌市,宜都市,district,111.450128,30.378444
420525,湖北省,宜昌市,远安县,district,111.640329,31.060904
420583,湖北省,宜昌市,枝江市,district,111.760616,30.425758
420503,湖北省,宜昌市,伍家岗区,district,111.360882,30.644048
420505,湖北省,宜昌市,猇亭区,district,111.434378,30.531133
420506,湖北省,宜昌市,夷陵区,district,111.326371,30.769875
420502,湖北省,宜昌市,西陵区,district,111.285696,30.710765
420529,湖北省,宜昌市,五峰土家族自治县,district,111.07374,30.156741
420528,湖北省,宜昌市,长阳土家族自治县,district,111.20697,30.473038
420100,湖北省,武汉市,,city,114.304569,30.593354
420117,湖北省,武汉市,新洲区,district,114.801284,30.841304
420113,湖北省,武汉市,汉南区,district,114.084582,30.308776
420114,湖北省,武汉市,蔡甸区,district,114.087279,30.536395
420106,湖北省,武汉市,武昌区,district,114.316464,30.55418
420115,湖北省,武汉市,江夏区,district,114.320884,30.37558
420102,湖北省,武汉市,江岸区,district,114.282987,30.633093
420105,湖北省,武汉市,汉阳区,district,114.21859,30.554287
420107,湖北省,武汉市,青山区,district,114.385424,30.639842
420103,湖北省,武汉市,江汉区,district,114.270763,30.601129
420104,湖北省,武汉市,硚口区,district,114.214746,30.582559
420112,湖北省,武汉市,东西湖区,district,114.136295,30.620079
420116,湖北省,武汉市,黄陂区,district,114.375698,30.882305
420111,湖北省,武汉市,洪山区,district,114.342664,30.500642
421100,湖北省,黄冈市,,city,114.872425,30.453722
421181,湖北省,黄冈市,麻城市,district,115.008011,31.172917
421102,湖北省,黄冈市,黄州区,district,114.880104,30.434354
421121,湖北省,黄冈市,团风县,district,114.872364,30.643225
421127,湖北省,黄冈市,黄梅县,district,115.944219,30.070453
421182,湖北省,黄冈市,武穴市,district,115.595451,29.869602
421124,湖北省,黄冈市,英山县,district,115.680953,30.734989
421122,湖北省,黄冈市,红安县,district,114.618134,31.288167
421126,湖北省,黄冈市,蕲春县,district,115.436423,30.226146
421125,湖北省,黄冈市,浠水县,district,115.265155,30.452212
421123,湖北省,黄冈市,罗田县,district,115.399149,30.783047
429006,湖北省,天门市,,city,113.166545,30.663706
420800,湖北省,荆门市,,city,112.199009,31.035445
420882,湖北省,荆门市,京山市,district,113.119561,31.018414
420822,湖北省,荆门市,沙洋县,district,112.588675,30.709167
420804,湖北省,荆门市,掇刀区,district,112.2079,30.973397
420802,湖北省,荆门市,东宝区,district,112.201657,31.05187
420881,湖北省,荆门市,钟祥市,district,112.588801,31.167006
420900,湖北省,孝感市,,city,113.956962,30.918311
420902,湖北省,孝感市,孝南区,district,113.910769,30.91695
420981,湖北省,孝感市,应城市,district,113.571864,30.928592
420923,湖北省,孝感市,云梦县,district,113.752958,31.021736
420984,湖北省,孝感市,汉川市,district,113.838068,30.673219
420982,湖北省,孝感市,安陆市,district,113.688955,31.25565
420921,湖北省,孝感市,孝昌县,district,113.997794,31.258225
420922,湖北省,孝感市,大悟县,district,114.127122,31.561179
429005,湖北省,潜江市,,city,112.900279,30.401954
422800,湖北省,恩施土家族苗族自治州,,city,109.488076,30.272104
422822,湖北省,恩施土家族苗族自治州,建始县,district,109.722333,30.602195
422802,湖北省,恩施土家族苗族自治州,利川市,district,108.936456,30.290974
422827,湖北省,恩施土家族苗族自治州,来凤县,district,109.407697,29.493474
422828,湖北省,恩施土家族苗族自治州,鹤峰县,district,110.034011,29.890073
422801,湖北省,恩施土家族苗族自治州,恩施市,district,109.479572,30.295148
422825,湖北省,恩施土家族苗族自治州,宣恩县,district,109.489918,29.986856
422826,湖北省,恩施土家族苗族自治州,咸丰县,district,109.140163,29.665215
422823,湖北省,恩施土家族苗族自治州,巴东县,district,110.340921,31.042854
429004,湖北省,仙桃市,,city,113.442973,30.328407
421000,湖北省,荆州市,,city,112.24143,30.336282
421024,湖北省,荆州市,江陵县,district,112.424581,30.042227
421088,湖北省,荆州市,监利市,district,112.904634,29.840229
421083,湖北省,荆州市,洪湖市,district,113.475984,29.827256
421087,湖北省,荆州市,松滋市,district,111.756455,30.174717
421022,湖北省,荆州市,公安县,district,112.229742,30.058519
421081,湖北省,荆州市,石首市,district,112.42538,29.720944
421002,湖北省,荆州市,沙市区,district,112.251975,30.326693
421003,湖北省,荆州市,荆州区,district,112.190282,30.352984
421200,湖北省,咸宁市,,city,114.322601,29.84135
421221,湖北省,咸宁市,嘉鱼县,district,113.939249,29.970575
421224,湖北省,咸宁市,通山县,district,114.482832,29.606468
421222,湖北省,咸宁市,通城县,district,113.816811,29.2454
421202,湖北省,咸宁市,咸安区,district,114.299002,29.852726
421223,湖北省,咸宁市,崇阳县,district,114.039484,29.556866
421281,湖北省,咸宁市,赤壁市,district,113.900385,29.725122
429021,湖北省,神农架林区,,city,110.675879,31.745103
421300,湖北省,随州市,,city,113.382324,31.690275
421321,湖北省,随州市,随县,district,113.29097,31.883233
421303,湖北省,随州市,曾都区,district,113.371052,31.716423
421381,湖北省,随州市,广水市,district,113.825977,31.617015
420700,湖北省,鄂州市,,city,114.894909,30.391461
420702,湖北省,鄂州市,梁子湖区,district,114.684805,30.100146
420703,湖北省,鄂州市,华容区,district,114.729945,30.53515
420704,湖北省,鄂州市,鄂城区,district,114.89157,30.400535
420200,湖北省,黄石市,,city,115.038999,30.201082
420205,湖北省,黄石市,铁山区,district,114.891603,30.203152
420203,湖北省,黄石市,西塞山区,district,115.110067,30.205114
420222,湖北省,黄石市,阳新县,district,115.215211,29.830236
420204,湖北省,黄石市,下陆区,district,114.960914,30.174148
420281,湖北省,黄石市,大冶市,district,114.98046,30.096263
420202,湖北省,黄石市,黄石港区,district,115.065653,30.223194
210000,辽宁省,,,province,123.435093,41.836743
211400,辽宁省,葫芦岛市,,city,120.836783,40.710974
211422,辽宁省,葫芦岛市,建昌县,district,119.836669,40.824484
211403,辽宁省,葫芦岛市,龙港区,district,120.894054,40.735717
211481,辽宁省,葫芦岛市,兴城市,district,120.756661,40.60999
211404,辽宁省,葫芦岛市,南票区,district,120.74971,41.10721
211402,辽宁省,葫芦岛市,连山区,district,120.869157,40.774784
211421,辽宁省,葫芦岛市,绥中县,district,120.34432,40.325576
210200,辽宁省,大连市,,city,121.614786,38.913962
210283,辽宁省,大连市,庄河市,district,122.965881,39.680825
210281,辽宁省,大连市,瓦房店市,district,121.979463,39.62701
210214,辽宁省,大连市,普兰店区,district,121.938299,39.391565
210213,辽宁省,大连市,金州区,district,121.782513,39.050211
210224,辽宁省,大连市,长海县,district,122.588487,39.272779
210211,辽宁省,大连市,甘井子区,district,121.525469,38.952998
210212,辽宁省,大连市,旅顺口区,district,121.261982,38.851742
210202,辽宁省,大连市,中山区,district,121.644996,38.918357
210203,辽宁省,大连市,西岗区,district,121.612461,38.914751
210204,辽宁省,大连市,沙河口区,district,121.594201,38.904771
210600,辽宁省,丹东市,,city,124.354419,40.000646
210682,辽宁省,丹东市,凤城市,district,124.066873,40.45218
210604,辽宁省,丹东市,振安区,district,124.470005,40.20154
210681,辽宁省,丹东市,东港市,district,124.152581,39.863193
210624,辽宁省,丹东市,宽甸满族自治县,district,124.783674,40.731319
210602,辽宁省,丹东市,元宝区,district,124.395577,40.136549
210603,辽宁省,丹东市,振兴区,district,124.383382,40.129706
210700,辽宁省,锦州市,,city,121.126859,41.096114
210711,辽宁省,锦州市,太和区,district,121.103445,41.109232
210781,辽宁省,锦州市,凌海市,district,121.35499,41.160636
210782,辽宁省,锦州市,北镇市,district,121.777503,41.588657
210702,辽宁省,锦州市,古塔区,district,121.128414,41.117481
210726,辽宁省,锦州市,黑山县,district,122.126645,41.653552
210727,辽宁省,锦州市,义县,district,121.239558,41.533553
210703,辽宁省,锦州市,凌河区,district,121.151069,41.115058
210100,辽宁省,沈阳市,,city,123.464675,41.677576
210123,辽宁省,沈阳市,康平县,district,123.343701,42.727249
210114,辽宁省,沈阳市,于洪区,district,123.308062,41.793925
210112,辽宁省,沈阳市,浑南区,district,123.449597,41.714729
210115,辽宁省,沈阳市,辽中区,district,122.766159,41.517449
210113,辽宁省,沈阳市,沈北新区,district,123.584209,41.913071
210181,辽宁省,沈阳市,新民市,district,122.835964,41.985757
210106,辽宁省,沈阳市,铁西区,district,123.334781,41.821721
210111,辽宁省,沈阳市,苏家屯区,district,123.343937,41.665153
210102,辽宁省,沈阳市,和平区,district,123.420401,41.789766
210105,辽宁省,沈阳市,皇姑区,district,123.441468,41.824574
210103,辽宁省,沈阳市,沈河区,district,123.45884,41.795688
210104,辽宁省,沈阳市,大东区,district,123.469828,41.805292
210124,辽宁省,沈阳市,法库县,district,123.440294,42.50108
211200,辽宁省,铁岭市,,city,123.726008,42.223709
211282,辽宁省,铁岭市,开原市,district,124.051886,42.577645
211281,辽宁省,铁岭市,调兵山市,district,123.567039,42.468007
211204,辽宁省,铁岭市,清河区,district,124.159232,42.54714
211221,辽宁省,铁岭市,铁岭县,district,123.728933,42.223395
211202,辽宁省,铁岭市,银州区,district,123.842472,42.286575
211223,辽宁省,铁岭市,西丰县,district,124.727491,42.738178
211224,辽宁省,铁岭市,昌图县,district,124.086628,42.779333
210900,辽宁省,阜新市,,city,121.670052,42.022028
210904,辽宁省,阜新市,太平区,district,121.678637,42.010689
210905,辽宁省,阜新市,清河门区,district,121.416105,41.7831
210903,辽宁省,阜新市,新邱区,district,121.792067,42.087549
210921,辽宁省,阜新市,阜新蒙古族自治县,district,121.757901,42.065175
210922,辽宁省,阜新市,彰武县,district,122.538563,42.386264
210911,辽宁省,阜新市,细河区,district,121.680157,42.025412
210902,辽宁省,阜新市,海州区,district,121.662594,42.017794
210500,辽宁省,本溪市,,city,123.685054,41.486921
210522,辽宁省,本溪市,桓仁满族自治县,district,125.361061,41.267048
210505,辽宁省,本溪市,南芬区,district,123.744822,41.100273
210504,辽宁省,本溪市,明山区,district,123.861747,41.343624
210521,辽宁省,本溪市,本溪满族自治县,district,124.119545,41.301553
210503,辽宁省,本溪市,溪湖区,district,123.767817,41.32931
210502,辽宁省,本溪市,平山区,district,123.769081,41.299658
211000,辽宁省,辽阳市,,city,123.239669,41.267396
211005,辽宁省,辽阳市,弓长岭区,district,123.419567,41.151787
211011,辽宁省,辽阳市,太子河区,district,123.1814403,41.29502257
211081,辽宁省,辽阳市,灯塔市,district,123.339398,41.426537
211021,辽宁省,辽阳市,辽阳县,district,123.106426,41.206246
211004,辽宁省,辽阳市,宏伟区,district,123.196725,41.217852
211003,辽宁省,辽阳市,文圣区,district,123.231262,41.282378
211002,辽宁省,辽阳市,白塔区,district,123.174347,41.270397
210400,辽宁省,抚顺市,,city,123.957053,41.881311
210422,辽宁省,抚顺市,新宾满族自治县,district,125.039994,41.734031
210411,辽宁省,抚顺市,顺城区,district,123.94504,41.883375
210404,辽宁省,抚顺市,望花区,district,123.784235,41.853484
210402,辽宁省,抚顺市,新抚区,district,123.91293,41.861922
210421,辽宁省,抚顺市,抚顺县,district,123.8999229,41.73009376
210403,辽宁省,抚顺市,东洲区,district,124.038491,41.853001
210423,辽宁省,抚顺市,清原满族自治县,district,124.924028,42.100804
211100,辽宁省,盘锦市,,city,122.170729,40.71956
211122,辽宁省,盘锦市,盘山县,district,121.996408,41.243367
211103,辽宁省,盘锦市,兴隆台区,district,122.070685,41.120261
211104,辽宁省,盘锦市,大洼区,district,122.082227,41.002679
211102,辽宁省,盘锦市,双台子区,district,122.07597,41.212401
211300,辽宁省,朝阳市,,city,120.488801,41.601855
211324,辽宁省,朝阳市,喀喇沁左翼蒙古族自治县,district,119.741223,41.12815
211382,辽宁省,朝阳市,凌源市,district,119.401574,41.245445
211303,辽宁省,朝阳市,龙城区,district,120.4133759,41.57674859
211321,辽宁省,朝阳市,朝阳县,district,120.390001,41.497923
211322,辽宁省,朝阳市,建平县,district,119.64328,41.402891
211302,辽宁省,朝阳市,双塔区,district,120.453717,41.565814
211381,辽宁省,朝阳市,北票市,district,120.771389,41.801117
210300,辽宁省,鞍山市,,city,122.994183,41.108239
210311,辽宁省,鞍山市,千山区,district,122.9447506,41.0689014
210323,辽宁省,鞍山市,岫岩满族自治县,district,123.280933,40.290995
210302,辽宁省,鞍山市,铁东区,district,122.990888,41.089578
210304,辽宁省,鞍山市,立山区,district,123.029091,41.150401
210303,辽宁省,鞍山市,铁西区,district,122.969531,41.119719
210381,辽宁省,鞍山市,海城市,district,122.685176,40.882548
210321,辽宁省,鞍山市,台安县,district,122.436037,41.412866
210800,辽宁省,营口市,,city,122.219148,40.625027
210803,辽宁省,营口市,西市区,district,122.206431,40.666707
210804,辽宁省,营口市,鲅鱼圈区,district,122.121764,40.226708
210881,辽宁省,营口市,盖州市,district,122.34845,40.400259
210802,辽宁省,营口市,站前区,district,122.259058,40.673063
210811,辽宁省,营口市,老边区,district,122.307956,40.671279
210882,辽宁省,营口市,大石桥市,district,122.482393,40.664851
370000,山东省,,,province,117.020725,36.670201
370500,山东省,东营市,,city,118.674633,37.433992
370522,山东省,东营市,利津县,district,118.255084,37.490919
370503,山东省,东营市,河口区,district,118.525519,37.886217
370502,山东省,东营市,东营区,district,118.582182,37.449035
370505,山东省,东营市,垦利区,district,118.575234,37.573412
370523,山东省,东营市,广饶县,district,118.419437,37.053915
371600,山东省,滨州市,,city,117.970731,37.382687
371603,山东省,滨州市,沾化区,district,118.098962,37.698952
371623,山东省,滨州市,无棣县,district,117.625846,37.770579
371622,山东省,滨州市,阳信县,district,117.603407,37.632773
371625,山东省,滨州市,博兴县,district,118.110715,37.154529
371602,山东省,滨州市,滨城区,district,118.019567,37.431997
371621,山东省,滨州市,惠民县,district,117.593744,37.47528
371681,山东省,滨州市,邹平市,district,117.74313,36.863393
370600,山东省,烟台市,,city,121.447755,37.464551
370614,山东省,烟台市,蓬莱区,district,120.829141,37.795697
370602,山东省,烟台市,芝罘区,district,121.400303,37.541312
370687,山东省,烟台市,海阳市,district,121.173506,36.688316
370683,山东省,烟台市,莱州市,district,119.942057,37.178187
370681,山东省,烟台市,龙口市,district,120.47614,37.645281
370682,山东省,烟台市,莱阳市,district,120.711555,36.979757
370686,山东省,烟台市,栖霞市,district,120.849595,37.335993
370685,山东省,烟台市,招远市,district,120.433904,37.354517
370611,山东省,烟台市,福山区,district,121.267638,37.49833
370613,山东省,烟台市,莱山区,district,121.444949,37.511322
370612,山东省,烟台市,牟平区,district,121.601015,37.387454
371000,山东省,威海市,,city,122.120519,37.513315
371083,山东省,威海市,乳山市,district,121.539557,36.920329
371002,山东省,威海市,环翠区,district,122.123115,37.501735
371003,山东省,威海市,文登区,district,122.08832,37.196032
371082,山东省,威海市,荣成市,district,122.487036,37.165698
370200,山东省,青岛市,,city,120.382665,36.066938
370285,山东省,青岛市,莱西市,district,120.517581,36.889167
370283,山东省,青岛市,平度市,district,119.970192,36.753895
370212,山东省,青岛市,崂山区,district,120.469282,36.107069
370215,山东省,青岛市,即墨区,district,120.447691,36.390217
370214,山东省,青岛市,城阳区,district,120.396255,36.307624
370211,山东省,青岛市,黄岛区,district,120.19777,35.960688
370281,山东省,青岛市,胶州市,district,120.033382,36.26468
370213,山东省,青岛市,李沧区,district,120.432652,36.145987
370203,山东省,青岛市,市北区,district,120.374675,36.08765
370202,山东省,青岛市,市南区,district,120.318299,36.064189
371500,山东省,聊城市,,city,115.985238,36.455857
371525,山东省,聊城市,冠县,district,115.441684,36.484011
371502,山东省,聊城市,东昌府区,district,116.006399,36.412737
371522,山东省,聊城市,莘县,district,115.669843,36.233711
371521,山东省,聊城市,阳谷县,district,115.791822,36.114392
371524,山东省,聊城市,东阿县,district,116.247655,36.335198
371526,山东省,聊城市,高唐县,district,116.230126,36.84715
371581,山东省,聊城市,临清市,district,115.704982,36.83828
371503,山东省,聊城市,茌平区,district,116.254865,36.580814
371700,山东省,菏泽市,,city,115.479646,35.234309
371703,山东省,菏泽市,定陶区,district,115.583172,35.105742
371726,山东省,菏泽市,鄄城县,district,115.544507,35.534088
371728,山东省,菏泽市,东明县,district,115.107402,35.275664
371724,山东省,菏泽市,巨野县,district,116.062585,35.388543
371702,山东省,菏泽市,牡丹区,district,115.417021,35.251911
371725,山东省,菏泽市,郓城县,district,115.938939,35.575276
371722,山东省,菏泽市,单县,district,116.106396,34.779282
371723,山东省,菏泽市,成武县,district,115.889775,34.95278
371721,山东省,菏泽市,曹县,district,115.556393,34.85875
371100,山东省,日照市,,city,119.52685,35.416912
371122,山东省,日照市,莒县,district,118.869059,35.59125
371103,山东省,日照市,岚山区,district,119.31881,35.121985
371102,山东省,日照市,东港区,district,119.462287,35.426037
371121,山东省,日照市,五莲县,district,119.213673,35.760154
370800,山东省,济宁市,,city,116.587116,35.415117
370826,山东省,济宁市,微山县,district,117.129188,34.806657
370827,山东省,济宁市,鱼台县,district,116.650526,35.012706
370831,山东省,济宁市,泗水县,district,117.250824,35.664719
370881,山东省,济宁市,曲阜市,district,116.986212,35.581933
370830,山东省,济宁市,汶上县,district,116.497277,35.711891
370828,山东省,济宁市,金乡县,district,116.337271,35.073419
370883,山东省,济宁市,邹城市,district,117.007406,35.402536
370811,山东省,济宁市,任城区,district,116.605763,35.444226
370812,山东省,济宁市,兖州区,district,116.78365,35.551938
370829,山东省,济宁市,嘉祥县,district,116.342308,35.40794
370832,山东省,济宁市,梁山县,district,116.131779,35.765957
370300,山东省,淄博市,,city,118.054994,36.813787
370305,山东省,淄博市,临淄区,district,118.309398,36.826882
370304,山东省,淄博市,博山区,district,117.8627,36.495014
370323,山东省,淄博市,沂源县,district,118.170856,36.185402
370322,山东省,淄博市,高青县,district,117.826743,37.171042
370303,山东省,淄博市,张店区,district,118.017877,36.807011
370321,山东省,淄博市,桓台县,district,118.097923,36.959794
370302,山东省,淄博市,淄川区,district,117.966978,36.644211
370306,山东省,淄博市,周村区,district,117.869686,36.80309
370700,山东省,潍坊市,,city,119.161721,36.707668
370783,山东省,潍坊市,寿光市,district,118.791062,36.857133
370786,山东省,潍坊市,昌邑市,district,119.403185,36.843256
370785,山东省,潍坊市,高密市,district,119.80584,36.365658
370703,山东省,潍坊市,寒亭区,district,119.211251,36.755925
370705,山东省,潍坊市,奎文区,district,119.132288,36.707459
370702,山东省,潍坊市,潍城区,district,119.02491,36.728077
370781,山东省,潍坊市,青州市,district,118.479637,36.685178
370724,山东省,潍坊市,临朐县,district,118.543274,36.51246
370704,山东省,潍坊市,坊子区,district,119.166343,36.653671
370782,山东省,潍坊市,诸城市,district,119.412992,36.009273
370725,山东省,潍坊市,昌乐县,district,118.841035,36.688035
370784,山东省,潍坊市,安丘市,district,119.21892,36.479642
370900,山东省,泰安市,,city,117.086963,36.201784
370983,山东省,泰安市,肥城市,district,116.769098,36.181975
370921,山东省,泰安市,宁阳县,district,116.805578,35.758919
370923,山东省,泰安市,东平县,district,116.470211,35.937049
370911,山东省,泰安市,岱岳区,district,117.041651,36.188088
370982,山东省,泰安市,新泰市,district,117.768069,35.90953
370902,山东省,泰安市,泰山区,district,117.128828,36.194963
370100,山东省,济南市,,city,117.120128,36.652069
370113,山东省,济南市,长清区,district,116.752101,36.554251
370117,山东省,济南市,钢城区,district,117.811604,36.059393
370126,山东省,济南市,商河县,district,117.157165,37.309694
370116,山东省,济南市,莱芜区,district,117.675828,36.214895
370124,山东省,济南市,平阴县,district,116.455865,36.289813
370115,山东省,济南市,济阳区,district,117.173722,36.978299
370105,山东省,济南市,天桥区,district,116.987106,36.678665
370104,山东省,济南市,槐荫区,district,116.901057,36.652264
370103,山东省,济南市,市中区,district,116.997472,36.651121
370102,山东省,济南市,历下区,district,117.07632,36.666395
370112,山东省,济南市,历城区,district,117.065233,36.680731
370114,山东省,济南市,章丘区,district,117.526228,36.681258
371400,山东省,德州市,,city,116.359244,37.436492
371481,山东省,德州市,乐陵市,district,117.232085,37.729769
371422,山东省,德州市,宁津县,district,116.800279,37.652456
371423,山东省,德州市,庆云县,district,117.384163,37.774376
371402,山东省,德州市,德城区,district,116.299558,37.451051
371426,山东省,德州市,平原县,district,116.434016,37.165453
371428,山东省,德州市,武城县,district,116.069312,37.213398
371482,山东省,德州市,禹城市,district,116.638558,36.934198
371424,山东省,德州市,临邑县,district,116.866568,37.190139
371403,山东省,德州市,陵城区,district,116.576148,37.336444
371427,山东省,德州市,夏津县,district,116.001796,36.948013
371425,山东省,德州市,齐河县,district,116.762767,36.784164
370400,山东省,枣庄市,,city,117.323759,34.810858
370403,山东省,枣庄市,薛城区,district,117.286371,34.783282
370405,山东省,枣庄市,台儿庄区,district,117.734287,34.563103
370402,山东省,枣庄市,市中区,district,117.556125,34.863791
370404,山东省,枣庄市,峄城区,district,117.590738,34.772931
370481,山东省,枣庄市,滕州市,district,117.165881,35.11412
370406,山东省,枣庄市,山亭区,district,117.461866,35.099638
371300,山东省,临沂市,,city,118.356464,35.103771
371312,山东省,临沂市,河东区,district,118.403073,35.088936
371327,山东省,临沂市,莒南县,district,118.835166,35.206252
371322,山东省,临沂市,郯城县,district,118.390701,34.619281
371328,山东省,临沂市,蒙阴县,district,117.953367,35.720128
371323,山东省,临沂市,沂水县,district,118.628142,35.790919
371321,山东省,临沂市,沂南县,district,118.465259,35.550078
371326,山东省,临沂市,平邑县,district,117.615201,35.516849
371311,山东省,临沂市,罗庄区,district,118.284693,34.997061
371324,山东省,临沂市,兰陵县,district,118.070912,34.858235
371329,山东省,临沂市,临沭县,district,118.650828,34.920171
371302,山东省,临沂市,兰山区,district,118.347332,35.052797
371325,山东省,临沂市,费县,district,117.9776,35.265851
310000,上海市,,,province,121.473667,31.230525
310100,上海市,上海城区,,city,121.472644,31.231706
310151,上海市,上海城区,崇明区,district,121.397662,31.623863
310115,上海市,上海城区,浦东新区,district,121.544346,31.221461
310116,上海市,上海城区,金山区,district,121.341774,30.742769
310110,上海市,上海城区,杨浦区,district,121.525409,31.259588
310109,上海市,上海城区,虹口区,district,121.504994,31.264917
310106,上海市,上海城区,静安区,district,121.447348,31.227718
310105,上海市,上海城区,长宁区,district,121.424751,31.220537
310120,上海市,上海城区,奉贤区,district,121.473945,30.918406
310118,上海市,上海城区,青浦区,district,121.124249,31.15098
310113,上海市,上海城区,宝山区,district,121.489431,31.405242
310107,上海市,上海城区,普陀区,district,121.39547,31.249618
310101,上海市,上海城区,黄浦区,district,121.48442,31.231661
310104,上海市,上海城区,徐汇区,district,121.436307,31.188334
310117,上海市,上海城区,松江区,district,121.227676,31.03257
310114,上海市,上海城区,嘉定区,district,121.265276,31.375566
310112,上海市,上海城区,闵行区,district,121.380857,31.112834
520000,贵州省,,,province,106.705251,26.600328
520300,贵州省,遵义市,,city,107.031922,27.721931
520329,贵州省,遵义市,余庆县,district,107.906043,27.21513
520381,贵州省,遵义市,赤水市,district,105.697501,28.590474
520328,贵州省,遵义市,湄潭县,district,107.465492,27.748942
520303,贵州省,遵义市,汇川区,district,106.933727,27.749716
520326,贵州省,遵义市,务川仡佬族苗族自治县,district,107.899353,28.562921
520382,贵州省,遵义市,仁怀市,district,106.401322,27.791883
520304,贵州省,遵义市,播州区,district,106.829081,27.535735
520302,贵州省,遵义市,红花岗区,district,106.893598,27.644793
520325,贵州省,遵义市,道真仡佬族苗族自治县,district,107.613076,28.862548
520327,贵州省,遵义市,凤冈县,district,107.71646,27.954424
520322,贵州省,遵义市,桐梓县,district,106.824661,28.132991
520330,贵州省,遵义市,习水县,district,106.19715,28.332923
520323,贵州省,遵义市,绥阳县,district,107.191326,27.946049
520324,贵州省,遵义市,正安县,district,107.454463,28.553507
520600,贵州省,铜仁市,,city,109.189528,27.731555
520623,贵州省,铜仁市,石阡县,district,108.223686,27.513499
520628,贵州省,铜仁市,松桃苗族自治县,district,109.202877,28.15427
520622,贵州省,铜仁市,玉屏侗族自治县,district,108.906415,27.235816
520621,贵州省,铜仁市,江口县,district,108.843993,27.704883
520627,贵州省,铜仁市,沿河土家族自治县,district,108.503152,28.564083
520626,贵州省,铜仁市,德江县,district,108.120773,28.264028
520603,贵州省,铜仁市,万山区,district,109.153685,27.671268
520602,贵州省,铜仁市,碧江区,district,109.264271,27.815244
520624,贵州省,铜仁市,思南县,district,108.253798,27.937464
520625,贵州省,铜仁市,印江土家族苗族自治县,district,108.409638,27.994442
520200,贵州省,六盘水市,,city,104.830357,26.592538
520281,贵州省,六盘水市,盘州市,district,104.471554,25.709878
520203,贵州省,六盘水市,六枝特区,district,105.477199,26.214356
520201,贵州省,六盘水市,钟山区,district,104.843723,26.574699
520204,贵州省,六盘水市,水城区,district,104.957871,26.547604
522700,贵州省,黔南布依族苗族自治州,,city,107.522303,26.253136
522728,贵州省,黔南布依族苗族自治州,罗甸县,district,106.751724,25.42616
522729,贵州省,黔南布依族苗族自治州,长顺县,district,106.44057,26.003187
522723,贵州省,黔南布依族苗族自治州,贵定县,district,107.232208,26.557205
522731,贵州省,黔南布依族苗族自治州,惠水县,district,106.656993,26.132045
522730,贵州省,黔南布依族苗族自治州,龙里县,district,106.979177,26.453546
522725,贵州省,黔南布依族苗族自治州,瓮安县,district,107.471307,27.07838
522702,贵州省,黔南布依族苗族自治州,福泉市,district,107.520371,26.686773
522722,贵州省,黔南布依族苗族自治州,荔波县,district,107.88057,25.402528
522726,贵州省,黔南布依族苗族自治州,独山县,district,107.557591,25.865418
522727,贵州省,黔南布依族苗族自治州,平塘县,district,107.322635,25.822395
522701,贵州省,黔南布依族苗族自治州,都匀市,district,107.518628,26.259456
522732,贵州省,黔南布依族苗族自治州,三都水族自治县,district,107.869489,25.983572
520400,贵州省,安顺市,,city,105.9476,26.253103
520402,贵州省,安顺市,西秀区,district,105.966086,26.243928
520425,贵州省,安顺市,紫云苗族布依族自治县,district,106.084441,25.751047
520422,贵州省,安顺市,普定县,district,105.743156,26.301876
520424,贵州省,安顺市,关岭布依族苗族自治县,district,105.618333,25.945466
520423,贵州省,安顺市,镇宁布依族苗族自治县,district,105.770543,26.057248
520403,贵州省,安顺市,平坝区,district,106.255768,26.405968
522300,贵州省,黔西南布依族苗族自治州,,city,104.906419,25.087733
522328,贵州省,黔西南布依族苗族自治州,安龙县,district,105.442702,25.099014
522326,贵州省,黔西南布依族苗族自治州,望谟县,district,106.094864,25.174204
522301,贵州省,黔西南布依族苗族自治州,兴义市,district,104.895503,25.09196
522324,贵州省,黔西南布依族苗族自治州,晴隆县,district,105.218956,25.834729
522327,贵州省,黔西南布依族苗族自治州,册亨县,district,105.811592,24.983663
522325,贵州省,黔西南布依族苗族自治州,贞丰县,district,105.64976,25.38558
522302,贵州省,黔西南布依族苗族自治州,兴仁市,district,105.186132,25.43509
522323,贵州省,黔西南布依族苗族自治州,普安县,district,104.953289,25.784225
522600,贵州省,黔东南苗族侗族自治州,,city,107.982838,26.583759
522627,贵州省,黔东南苗族侗族自治州,天柱县,district,109.207826,26.909548
522623,贵州省,黔东南苗族侗族自治州,施秉县,district,108.124531,27.033107
522636,贵州省,黔东南苗族侗族自治州,丹寨县,district,107.789301,26.19857
522630,贵州省,黔东南苗族侗族自治州,台江县,district,108.321244,26.667525
522635,贵州省,黔东南苗族侗族自治州,麻江县,district,107.589455,26.49129
522622,贵州省,黔东南苗族侗族自治州,黄平县,district,107.916651,26.905278
522601,贵州省,黔东南苗族侗族自治州,凯里市,district,107.981409,26.5662
522626,贵州省,黔东南苗族侗族自治州,岑巩县,district,108.815855,27.174124
522625,贵州省,黔东南苗族侗族自治州,镇远县,district,108.429536,27.049033
522624,贵州省,黔东南苗族侗族自治州,三穗县,district,108.675265,26.953359
522628,贵州省,黔东南苗族侗族自治州,锦屏县,district,109.200808,26.675919
522633,贵州省,黔东南苗族侗族自治州,从江县,district,108.904998,25.754638
522631,贵州省,黔东南苗族侗族自治州,黎平县,district,109.125826,26.213304
522632,贵州省,黔东南苗族侗族自治州,榕江县,district,108.52188,25.931893
522629,贵州省,黔东南苗族侗族自治州,剑河县,district,108.441501,26.728274
522634,贵州省,黔东南苗族侗族自治州,雷山县,district,108.078217,26.378892
520500,贵州省,毕节市,,city,105.291544,27.283615
520581,贵州省,毕节市,黔西市,district,106.032277,27.008681
520523,贵州省,毕节市,金沙县,district,106.220112,27.458601
520524,贵州省,毕节市,织金县,district,105.770249,26.663649
520525,贵州省,毕节市,纳雍县,district,105.414578,26.779344
520527,贵州省,毕节市,赫章县,district,104.728011,27.117933
520526,贵州省,毕节市,威宁彝族回族苗族自治县,district,104.252787,26.873872
520502,贵州省,毕节市,七星关区,district,105.305219,27.298304
520521,贵州省,毕节市,大方县,district,105.601963,27.14443
520100,贵州省,贵阳市,,city,106.628201,26.646694
520121,贵州省,贵阳市,开阳县,district,106.964716,27.057823
520122,贵州省,贵阳市,息烽县,district,106.740407,27.090479
520115,贵州省,贵阳市,观山湖区,district,106.598978,26.616134
520112,贵州省,贵阳市,乌当区,district,106.75069,26.630911
520111,贵州省,贵阳市,花溪区,district,106.67026,26.409817
520181,贵州省,贵阳市,清镇市,district,106.473131,26.572978
520123,贵州省,贵阳市,修文县,district,106.591958,26.836048
520113,贵州省,贵阳市,白云区,district,106.623069,26.677932
520103,贵州省,贵阳市,云岩区,district,106.724394,26.604604
520102,贵州省,贵阳市,南明区,district,106.714305,26.568055
500000,重庆市,,,province,106.551787,29.56268
500200,重庆市,重庆郊县,,city,108.170255,29.291965
500236,重庆市,重庆郊县,奉节县,district,109.401056,31.018505
500238,重庆市,重庆郊县,巫溪县,district,109.570038,31.398619
500240,重庆市,重庆郊县,石柱土家族自治县,district,108.114251,29.999066
500237,重庆市,重庆郊县,巫山县,district,109.878995,31.07478
500229,重庆市,重庆郊县,城口县,district,108.664349,31.947319
500230,重庆市,重庆郊县,丰都县,district,107.731056,29.863785
500231,重庆市,重庆郊县,垫江县,district,107.332511,30.327548
500235,重庆市,重庆郊县,云阳县,district,108.6975,30.930628
500233,重庆市,重庆郊县,忠县,district,108.038073,30.299817
500241,重庆市,重庆郊县,秀山土家族苗族自治县,district,109.007096,28.448248
500243,重庆市,重庆郊县,彭水苗族土家族自治县,district,108.165571,29.293748
500242,重庆市,重庆郊县,酉阳土家族苗族自治县,district,108.76726,28.841409
500100,重庆市,重庆城区,,city,106.504962,29.533155
500117,重庆市,重庆城区,合川区,district,106.27617,29.971968
500152,重庆市,重庆城区,潼南区,district,105.840487,30.191077
500115,重庆市,重庆城区,长寿区,district,107.080945,29.857916
500151,重庆市,重庆城区,铜梁区,district,106.056265,29.845248
500111,重庆市,重庆城区,大足区,district,105.721825,29.707555
500104,重庆市,重庆城区,大渡口区,district,106.482299,29.484464
500107,重庆市,重庆城区,九龙坡区,district,106.510515,29.502325
500108,重庆市,重庆城区,南岸区,district,106.644254,29.50109
500156,重庆市,重庆城区,武隆区,district,107.759955,29.325707
500110,重庆市,重庆城区,綦江区,district,106.651213,29.028117
500102,重庆市,重庆城区,涪陵区,district,107.246521,29.752475
500119,重庆市,重庆城区,南川区,district,107.099147,29.157879
500118,重庆市,重庆城区,永川区,district,105.926951,29.356384
500153,重庆市,重庆城区,荣昌区,district,105.6118,29.416892
500116,重庆市,重庆城区,江津区,district,106.264435,29.319984
500113,重庆市,重庆城区,巴南区,district,106.540603,29.402348
500120,重庆市,重庆城区,璧山区,district,106.204885,29.577455
500154,重庆市,重庆城区,开州区,district,108.39336,31.160416
500106,重庆市,重庆城区,沙坪坝区,district,106.456939,29.541017
500114,重庆市,重庆城区,黔江区,district,108.770677,29.533609
500157,重庆市,重庆城区,两江新区,district,106.566022,29.642726
500109,重庆市,重庆城区,北碚区,district,106.395593,29.805197
500103,重庆市,重庆城区,渝中区,district,106.568955,29.552642
500101,重庆市,重庆城区,万州区,district,108.408591,30.807621
500155,重庆市,重庆城区,梁平区,district,107.769568,30.654233
340000,安徽省,,,province,117.330139,31.734559
340700,安徽省,铜陵市,,city,117.811298,30.945214
340711,安徽省,铜陵市,郊区,district,117.767919,30.821699
340705,安徽省,铜陵市,铜官区,district,117.856541,30.936772
340722,安徽省,铜陵市,枞阳县,district,117.250191,30.705466
340706,安徽省,铜陵市,义安区,district,117.937405,30.950619
341700,安徽省,池州市,,city,117.495663,30.674264
341702,安徽省,池州市,贵池区,district,117.568087,30.688237
341722,安徽省,池州市,石台县,district,117.486211,30.210218
341721,安徽省,池州市,东至县,district,117.027533,30.111182
341723,安徽省,池州市,青阳县,district,117.847366,30.639006
340800,安徽省,安庆市,,city,117.115349,30.531828
340881,安徽省,安庆市,桐城市,district,116.936588,31.035476
340828,安徽省,安庆市,岳西县,district,116.359732,30.849716
340826,安徽省,安庆市,宿松县,district,116.134485,30.171663
340802,安徽省,安庆市,迎江区,district,117.090878,30.512768
340882,安徽省,安庆市,潜山市,district,116.581224,30.631022
340803,安徽省,安庆市,大观区,district,117.013469,30.553697
340811,安徽省,安庆市,宜秀区,district,116.987469,30.613189
340822,安徽省,安庆市,怀宁县,district,116.829612,30.73484
340825,安徽省,安庆市,太湖县,district,116.30881,30.454198
340827,安徽省,安庆市,望江县,district,116.70641,30.128404
340600,安徽省,淮北市,,city,116.798362,33.956264
340602,安徽省,淮北市,杜集区,district,116.827949,33.991412
340603,安徽省,淮北市,相山区,district,116.795233,33.959927
340604,安徽省,淮北市,烈山区,district,116.813221,33.895407
340621,安徽省,淮北市,濉溪县,district,116.76616,33.915612
340500,安徽省,马鞍山市,,city,118.50685,31.668765
340506,安徽省,马鞍山市,博望区,district,118.818276,31.55117
340523,安徽省,马鞍山市,和县,district,118.353668,31.74248
340522,安徽省,马鞍山市,含山县,district,118.101448,31.735559
340504,安徽省,马鞍山市,雨山区,district,118.498675,31.682374
340503,安徽省,马鞍山市,花山区,district,118.511366,31.700127
340521,安徽省,马鞍山市,当涂县,district,118.497873,31.570857
341500,安徽省,六安市,,city,116.519729,31.735892
341524,安徽省,六安市,金寨县,district,115.934253,31.727295
341522,安徽省,六安市,霍邱县,district,116.277966,32.353362
341504,安徽省,六安市,叶集区,district,115.925271,31.863693
341523,安徽省,六安市,舒城县,district,116.94863,31.462036
341502,安徽省,六安市,金安区,district,116.539458,31.75014
341503,安徽省,六安市,裕安区,district,116.479505,31.738789
341525,安徽省,六安市,霍山县,district,116.348274,31.409668
341200,安徽省,阜阳市,,city,115.814252,32.891032
341202,安徽省,阜阳市,颍州区,district,115.806916,32.883322
341221,安徽省,阜阳市,临泉县,district,115.26312,33.038884
341222,安徽省,阜阳市,太和县,district,115.621941,33.160327
341226,安徽省,阜阳市,颍上县,district,116.256772,32.653211
341225,安徽省,阜阳市,阜南县,district,115.596003,32.659681
341204,安徽省,阜阳市,颍泉区,district,115.807415,32.925461
341203,安徽省,阜阳市,颍东区,district,115.856728,32.91173
341282,安徽省,阜阳市,界首市,district,115.374688,33.257799
341100,安徽省,滁州市,,city,118.333439,32.255904
341126,安徽省,滁州市,凤阳县,district,117.531791,32.875714
341182,安徽省,滁州市,明光市,district,118.018197,32.78193
341124,安徽省,滁州市,全椒县,district,118.274149,32.08593
341102,安徽省,滁州市,琅琊区,district,118.32115,32.334475
341103,安徽省,滁州市,南谯区,district,118.416715,32.200084
341125,安徽省,滁州市,定远县,district,117.698528,32.530741
341122,安徽省,滁州市,来安县,district,118.432581,32.423072
341181,安徽省,滁州市,天长市,district,119.004838,32.667409
341000,安徽省,黄山市,,city,118.337643,29.714886
341003,安徽省,黄山市,黄山区,district,118.141632,30.272991
341023,安徽省,黄山市,黟县,district,117.938139,29.92477
341024,安徽省,黄山市,祁门县,district,117.717452,29.854179
341004,安徽省,黄山市,徽州区,district,118.336799,29.827291
341021,安徽省,黄山市,歙县,district,118.415258,29.861354
341002,安徽省,黄山市,屯溪区,district,118.315012,29.69655
341022,安徽省,黄山市,休宁县,district,118.193533,29.784532
340300,安徽省,蚌埠市,,city,117.388566,32.91682
340311,安徽省,蚌埠市,淮上区,district,117.359352,32.96557
340304,安徽省,蚌埠市,禹会区,district,117.34186,32.929715
340303,安徽省,蚌埠市,蚌山区,district,117.373347,32.916393
340302,安徽省,蚌埠市,龙子湖区,district,117.454544,32.90863
340323,安徽省,蚌埠市,固镇县,district,117.316585,33.318371
340322,安徽省,蚌埠市,五河县,district,117.881312,33.126532
340321,安徽省,蚌埠市,怀远县,district,117.205083,32.971543
340100,安徽省,合肥市,,city,117.227267,31.820567
340103,安徽省,合肥市,庐阳区,district,117.265088,31.878722
340111,安徽省,合肥市,包河区,district,117.310133,31.793801
340124,安徽省,合肥市,庐江县,district,117.288165,31.256978
340121,安徽省,合肥市,长丰县,district,117.167632,32.478347
340181,安徽省,合肥市,巢湖市,district,117.890236,31.624464
340123,安徽省,合肥市,肥西县,district,117.158416,31.707006
340104,安徽省,合肥市,蜀山区,district,117.26053,31.851211
340122,安徽省,合肥市,肥东县,district,117.4779,31.878601
340102,安徽省,合肥市,瑶海区,district,117.30944,31.858111
340200,安徽省,芜湖市,,city,118.433065,31.352614
340212,安徽省,芜湖市,繁昌区,district,118.198536,31.101766
340209,安徽省,芜湖市,弋江区,district,118.372664,31.311421
340202,安徽省,芜湖市,镜湖区,district,118.385133,31.34056
340223,安徽省,芜湖市,南陵县,district,118.334083,30.914621
340281,安徽省,芜湖市,无为市,district,117.902265,31.304462
340210,安徽省,芜湖市,湾沚区,district,118.576124,31.134809
340207,安徽省,芜湖市,鸠江区,district,118.392337,31.369752
341800,安徽省,宣城市,,city,118.759127,30.939278
341825,安徽省,宣城市,旌德县,district,118.550043,30.298287
341881,安徽省,宣城市,宁国市,district,118.983085,30.634032
341802,安徽省,宣城市,宣州区,district,118.786098,30.944356
341821,安徽省,宣城市,郎溪县,district,119.184326,31.142995
341882,安徽省,宣城市,广德市,district,119.420799,30.877608
341824,安徽省,宣城市,绩溪县,district,118.578519,30.067533
341823,安徽省,宣城市,泾县,district,118.419552,30.688793
341600,安徽省,亳州市,,city,115.778588,33.846285
341602,安徽省,亳州市,谯城区,district,115.779081,33.876436
341622,安徽省,亳州市,蒙城县,district,116.56434,33.265671
341621,安徽省,亳州市,涡阳县,district,116.21665,33.494134
341623,安徽省,亳州市,利辛县,district,116.206396,33.158424
340400,安徽省,淮南市,,city,117.018603,32.585384
340406,安徽省,淮南市,潘集区,district,116.834715,32.77208
340403,安徽省,淮南市,田家庵区,district,117.017263,32.647456
340402,安徽省,淮南市,大通区,district,117.053314,32.631519
340421,安徽省,淮南市,凤台县,district,116.710947,32.710536
340405,安徽省,淮南市,八公山区,district,116.832979,32.630922
340404,安徽省,淮南市,谢家集区,district,116.860026,32.599173
340422,安徽省,淮南市,寿县,district,116.798203,32.545027
341300,安徽省,宿州市,,city,116.96419,33.647726
341324,安徽省,宿州市,泗县,district,117.910277,33.483686
341321,安徽省,宿州市,砀山县,district,116.366257,34.442139
341323,安徽省,宿州市,灵璧县,district,117.549321,33.554464
341302,安徽省,宿州市,埇桥区,district,116.977039,33.640205
341322,安徽省,宿州市,萧县,district,116.947289,34.18884
350000,福建省,,,province,119.296194,26.101082
350900,福建省,宁德市,,city,119.547729,26.666222
350982,福建省,宁德市,福鼎市,district,120.216559,27.324796
350902,福建省,宁德市,蕉城区,district,119.526284,26.660658
350921,福建省,宁德市,霞浦县,district,120.005267,26.885971
350922,福建省,宁德市,古田县,district,118.74603,26.578134
350981,福建省,宁德市,福安市,district,119.647871,27.088274
350924,福建省,宁德市,寿宁县,district,119.514589,27.45467
350926,福建省,宁德市,柘荣县,district,119.900597,27.23421
350925,福建省,宁德市,周宁县,district,119.338998,27.104797
350923,福建省,宁德市,屏南县,district,118.985759,26.908256
350100,福建省,福州市,,city,119.296411,26.074286
350123,福建省,福州市,罗源县,district,119.549129,26.490215
350124,福建省,福州市,闽清县,district,118.863334,26.221099
350122,福建省,福州市,连江县,district,119.539542,26.197737
350181,福建省,福州市,福清市,district,119.384388,25.720081
350112,福建省,福州市,长乐区,district,119.593579,25.888274
350128,福建省,福州市,平潭县,district,119.789893,25.498767
350125,福建省,福州市,永泰县,district,118.932746,25.867198
350102,福建省,福州市,鼓楼区,district,119.304507,26.082666
350111,福建省,福州市,晋安区,district,119.328591,26.081963
350105,福建省,福州市,马尾区,district,119.439259,25.998657
350121,福建省,福州市,闽侯县,district,119.131362,26.150428
350103,福建省,福州市,台江区,district,119.31419,26.052826
350104,福建省,福州市,仓山区,district,119.27322,26.047027
350300,福建省,莆田市,,city,119.007662,25.454202
350305,福建省,莆田市,秀屿区,district,119.105177,25.318649
350304,福建省,莆田市,荔城区,district,119.014821,25.432268
350302,福建省,莆田市,城厢区,district,118.994261,25.419062
350322,福建省,莆田市,仙游县,district,118.689745,25.373373
350303,福建省,莆田市,涵江区,district,119.116173,25.459057
350500,福建省,泉州市,,city,118.675724,24.874452
350504,福建省,泉州市,洛江区,district,118.671168,24.939319
350521,福建省,泉州市,惠安县,district,118.781037,25.012449
350582,福建省,泉州市,晋江市,district,118.551659,24.781635
350583,福建省,泉州市,南安市,district,118.385929,24.960056
350527,福建省,泉州市,金门县,district,118.323912,24.434368
350505,福建省,泉州市,泉港区,district,118.915804,25.120399
350581,福建省,泉州市,石狮市,district,118.647945,24.731969
350526,福建省,泉州市,德化县,district,118.241104,25.492102
350502,福建省,泉州市,鲤城区,district,118.58652,24.908133
350503,福建省,泉州市,丰泽区,district,118.613007,24.890373
350525,福建省,泉州市,永春县,district,118.29416,25.321849
350524,福建省,泉州市,安溪县,district,118.186295,25.056065
350200,福建省,厦门市,,city,118.08891,24.479627
350206,福建省,厦门市,湖里区,district,118.146825,24.512858
350203,福建省,厦门市,思明区,district,118.082745,24.445676
350213,福建省,厦门市,翔安区,district,118.247911,24.618583
350211,福建省,厦门市,集美区,district,118.097407,24.575976
350205,福建省,厦门市,海沧区,district,118.032883,24.484688
350212,福建省,厦门市,同安区,district,118.150823,24.723299
350600,福建省,漳州市,,city,117.647298,24.515297
350604,福建省,漳州市,龙海区,district,117.818485,24.446839
350623,福建省,漳州市,漳浦县,district,117.613783,24.11741
350626,福建省,漳州市,东山县,district,117.4295,23.702034
350605,福建省,漳州市,长泰区,district,117.759119,24.625989
350628,福建省,漳州市,平和县,district,117.314798,24.363831
350603,福建省,漳州市,龙文区,district,117.711188,24.503523
350629,福建省,漳州市,华安县,district,117.53411,25.00445
350627,福建省,漳州市,南靖县,district,117.357061,24.5151
350602,福建省,漳州市,芗城区,district,117.653727,24.510937
350622,福建省,漳州市,云霄县,district,117.334351,23.935433
350624,福建省,漳州市,诏安县,district,117.175314,23.711674
350400,福建省,三明市,,city,117.638919,26.263455
350426,福建省,三明市,尤溪县,district,118.189772,26.168712
350425,福建省,三明市,大田县,district,117.846828,25.692535
350421,福建省,三明市,明溪县,district,117.202119,26.355938
350423,福建省,三明市,清流县,district,116.816772,26.177658
350428,福建省,三明市,将乐县,district,117.471127,26.728917
350430,福建省,三明市,建宁县,district,116.848488,26.833566
350429,福建省,三明市,泰宁县,district,117.175448,26.900244
350424,福建省,三明市,宁化县,district,116.654369,26.262298
350404,福建省,三明市,三元区,district,117.646153,26.271653
350405,福建省,三明市,沙县区,district,117.792551,26.396843
350481,福建省,三明市,永安市,district,117.365046,25.941671
350700,福建省,南平市,,city,118.081325,27.382829
350722,福建省,南平市,浦城县,district,118.541079,27.917804
350723,福建省,南平市,光泽县,district,117.333812,27.541061
350703,福建省,南平市,建阳区,district,118.120392,27.331996
350724,福建省,南平市,松溪县,district,118.785429,27.526028
350725,福建省,南平市,政和县,district,118.857703,27.366122
350702,福建省,南平市,延平区,district,118.181806,26.637503
350783,福建省,南平市,建瓯市,district,118.304712,27.023233
350721,福建省,南平市,顺昌县,district,117.809433,26.793455
350781,福建省,南平市,邵武市,district,117.492778,27.340672
350782,福建省,南平市,武夷山市,district,118.035321,27.756422
350800,福建省,龙岩市,,city,117.017362,25.075884
350803,福建省,龙岩市,永定区,district,116.732216,24.724148
350802,福建省,龙岩市,新罗区,district,117.036816,25.098942
350825,福建省,龙岩市,连城县,district,116.754472,25.710538
350821,福建省,龙岩市,长汀县,district,116.357581,25.833531
350824,福建省,龙岩市,武平县,district,116.100216,25.096139
350823,福建省,龙岩市,上杭县,district,116.419447,25.049867
350881,福建省,龙岩市,漳平市,district,117.419823,25.290481
430000,湖南省,,,province,112.982951,28.116007
430600,湖南省,岳阳市,,city,113.128922,29.35648
430623,湖南省,岳阳市,华容县,district,112.540448,29.530775
430603,湖南省,岳阳市,云溪区,district,113.272312,29.472745
430611,湖南省,岳阳市,君山区,district,113.006434,29.461017
430626,湖南省,岳阳市,平江县,district,113.581296,28.702018
430602,湖南省,岳阳市,岳阳楼区,district,113.129362,29.371356
430681,湖南省,岳阳市,汨罗市,district,113.067097,28.806937
430682,湖南省,岳阳市,临湘市,district,113.450461,29.476687
430621,湖南省,岳阳市,岳阳县,district,113.116152,29.144681
430624,湖南省,岳阳市,湘阴县,district,112.909248,28.690123
431200,湖南省,怀化市,,city,110.001598,27.569813
431230,湖南省,怀化市,通道侗族自治县,district,109.784409,26.158032
431223,湖南省,怀化市,辰溪县,district,110.183159,28.006235
431224,湖南省,怀化市,溆浦县,district,110.594419,27.908869
431225,湖南省,怀化市,会同县,district,109.734724,26.887156
431281,湖南省,怀化市,洪江市,district,109.836475,27.209385
431227,湖南省,怀化市,新晃侗族自治县,district,109.174808,27.352094
431229,湖南省,怀化市,靖州苗族侗族自治县,district,109.696249,26.575111
431202,湖南省,怀化市,鹤城区,district,110.040099,27.578581
431221,湖南省,怀化市,中方县,district,109.945436,27.440554
431226,湖南省,怀化市,麻阳苗族自治县,district,109.817703,27.857666
431228,湖南省,怀化市,芷江侗族自治县,district,109.684696,27.443429
431222,湖南省,怀化市,沅陵县,district,110.393782,28.452103
433100,湖南省,湘西土家族苗族自治州,,city,109.673345,28.215983
433127,湖南省,湘西土家族苗族自治州,永顺县,district,109.857142,28.979819
433125,湖南省,湘西土家族苗族自治州,保靖县,district,109.660433,28.699939
433126,湖南省,湘西土家族苗族自治州,古丈县,district,109.95072,28.616971
433122,湖南省,湘西土家族苗族自治州,泸溪县,district,110.219619,28.216109
433130,湖南省,湘西土家族苗族自治州,龙山县,district,109.443974,29.457623
433124,湖南省,湘西土家族苗族自治州,花垣县,district,109.482378,28.57191
433123,湖南省,湘西土家族苗族自治州,凤凰县,district,109.580815,27.957441
433101,湖南省,湘西土家族苗族自治州,吉首市,district,109.698348,28.261948
430800,湖南省,张家界市,,city,110.478887,29.117343
430811,湖南省,张家界市,武陵源区,district,110.550309,29.345721
430821,湖南省,张家界市,慈利县,district,111.139424,29.430429
430822,湖南省,张家界市,桑植县,district,110.204804,29.414112
430802,湖南省,张家界市,永定区,district,110.537379,29.119662
431300,湖南省,娄底市,,city,111.994468,27.699838
431381,湖南省,娄底市,冷水江市,district,111.459199,27.656017
431322,湖南省,娄底市,新化县,district,111.327674,27.725416
431302,湖南省,娄底市,娄星区,district,112.001922,27.730208
431382,湖南省,娄底市,涟源市,district,111.663837,27.693813
431321,湖南省,娄底市,双峰县,district,112.174265,27.457996
431100,湖南省,永州市,,city,111.613482,26.419861
431102,湖南省,永州市,零陵区,district,111.629806,26.222278
431128,湖南省,永州市,新田县,district,112.203396,25.903965
431126,湖南省,永州市,宁远县,district,111.945925,25.570817
431123,湖南省,永州市,双牌县,district,111.659967,25.961909
431124,湖南省,永州市,道县,district,111.600866,25.526282
431127,湖南省,永州市,蓝山县,district,112.195842,25.369575
431125,湖南省,永州市,江永县,district,111.343543,25.274461
431129,湖南省,永州市,江华瑶族自治县,district,111.57951,25.185257
431122,湖南省,永州市,东安县,district,111.315893,26.392173
431103,湖南省,永州市,冷水滩区,district,111.592373,26.461313
431181,湖南省,永州市,祁阳市,district,111.840253,26.580292
430700,湖南省,常德市,,city,111.69905,29.031446
430723,湖南省,常德市,澧县,district,111.758806,29.633138
430781,湖南省,常德市,津市市,district,111.877957,29.606512
430724,湖南省,常德市,临澧县,district,111.647547,29.440813
430726,湖南省,常德市,石门县,district,111.380056,29.584344
430722,湖南省,常德市,汉寿县,district,111.970725,28.906063
430703,湖南省,常德市,鼎城区,district,111.679896,29.017596
430725,湖南省,常德市,桃源县,district,111.488985,28.90232
430721,湖南省,常德市,安乡县,district,112.171107,29.41131
430702,湖南省,常德市,武陵区,district,111.683043,29.055332
430300,湖南省,湘潭市,,city,112.945439,27.83136
430304,湖南省,湘潭市,岳塘区,district,112.969444,27.872013
430302,湖南省,湘潭市,雨湖区,district,112.907334,27.856115
430382,湖南省,湘潭市,韶山市,district,112.525364,27.914796
430381,湖南省,湘潭市,湘乡市,district,112.550268,27.718655
430321,湖南省,湘潭市,湘潭县,district,112.950767,27.779669
431000,湖南省,郴州市,,city,113.015517,25.770117
431026,湖南省,郴州市,汝城县,district,113.685193,25.533024
431022,湖南省,郴州市,宜章县,district,112.948806,25.40059
431081,湖南省,郴州市,资兴市,district,113.235841,25.977226
431027,湖南省,郴州市,桂东县,district,113.944792,26.077609
431025,湖南省,郴州市,临武县,district,112.563833,25.276459
431021,湖南省,郴州市,桂阳县,district,112.733804,25.75382
431023,湖南省,郴州市,永兴县,district,113.116587,26.127155
431024,湖南省,郴州市,嘉禾县,district,112.379216,25.616025
431028,湖南省,郴州市,安仁县,district,113.269703,26.708569
431003,湖南省,郴州市,苏仙区,district,113.042364,25.799624
431002,湖南省,郴州市,北湖区,district,113.010606,25.784632
430200,湖南省,株洲市,,city,113.132783,27.828862
430202,湖南省,株洲市,荷塘区,district,113.173169,27.856314
430211,湖南省,株洲市,天元区,district,113.082227,27.826738
430204,湖南省,株洲市,石峰区,district,113.117763,27.875513
430225,湖南省,株洲市,炎陵县,district,113.772665,26.489847
430281,湖南省,株洲市,醴陵市,district,113.497119,27.6457
430212,湖南省,株洲市,渌口区,district,113.143832,27.699361
430224,湖南省,株洲市,茶陵县,district,113.537907,26.777957
430223,湖南省,株洲市,攸县,district,113.397152,27.01516
430203,湖南省,株洲市,芦淞区,district,113.153455,27.785198
430100,湖南省,长沙市,,city,112.938882,28.228304
430104,湖南省,长沙市,岳麓区,district,112.930116,28.234202
430102,湖南省,长沙市,芙蓉区,district,113.032605,28.185351
430105,湖南省,长沙市,开福区,district,112.985284,28.257286
430111,湖南省,长沙市,雨花区,district,113.03853,28.135795
430103,湖南省,长沙市,天心区,district,112.98978,28.114544
430112,湖南省,长沙市,望城区,district,112.83125,28.353221
430181,湖南省,长沙市,浏阳市,district,113.64328,28.163866
430121,湖南省,长沙市,长沙县,district,113.080555,28.246821
430182,湖南省,长沙市,宁乡市,district,112.551887,28.277709
430900,湖南省,益阳市,,city,112.355994,28.554853
430981,湖南省,益阳市,沅江市,district,112.354657,28.845755
430923,湖南省,益阳市,安化县,district,111.213296,28.374223
430902,湖南省,益阳市,资阳区,district,112.324286,28.59149
430921,湖南省,益阳市,南县,district,112.396323,29.362396
430922,湖南省,益阳市,桃江县,district,112.156432,28.518215
430903,湖南省,益阳市,赫山区,district,112.373895,28.58011
430400,湖南省,衡阳市,,city,112.572016,26.894216
430421,湖南省,衡阳市,衡阳县,district,112.370649,26.970258
430412,湖南省,衡阳市,南岳区,district,112.737678,27.231846
430405,湖南省,衡阳市,珠晖区,district,112.620653,26.894796
430407,湖南省,衡阳市,石鼓区,district,112.597937,26.944257
430482,湖南省,衡阳市,常宁市,district,112.399894,26.421717
430424,湖南省,衡阳市,衡东县,district,112.953113,27.081086
430422,湖南省,衡阳市,衡南县,district,112.677572,26.739665
430406,湖南省,衡阳市,雁峰区,district,112.613914,26.840335
430408,湖南省,衡阳市,蒸湘区,district,112.567333,26.912388
430481,湖南省,衡阳市,耒阳市,district,112.859806,26.422149
430423,湖南省,衡阳市,衡山县,district,112.868361,27.230225
430426,湖南省,衡阳市,祁东县,district,112.090319,26.799284
430500,湖南省,邵阳市,,city,111.467855,27.239528
430502,湖南省,邵阳市,双清区,district,111.496946,27.232286
430527,湖南省,邵阳市,绥宁县,district,110.155532,26.582027
430503,湖南省,邵阳市,大祥区,district,111.438892,27.222078
430511,湖南省,邵阳市,北塔区,district,111.451988,27.246244
430529,湖南省,邵阳市,城步苗族自治县,district,110.322239,26.390598
430524,湖南省,邵阳市,隆回县,district,111.032437,27.113978
430525,湖南省,邵阳市,洞口县,district,110.575962,27.060274
430522,湖南省,邵阳市,新邵县,district,111.458656,27.320917
430523,湖南省,邵阳市,邵阳县,district,111.273872,26.990785
430581,湖南省,邵阳市,武冈市,district,110.632286,26.727414
430582,湖南省,邵阳市,邵东市,district,111.744268,27.259812
430528,湖南省,邵阳市,新宁县,district,110.857294,26.432913
460000,海南省,,,province,110.348781,20.018639
469022,海南省,屯昌县,,city,110.101667,19.351662
469030,海南省,琼中黎族苗族自治县,,city,109.838423,19.03327
469025,海南省,白沙黎族自治县,,city,109.4429,19.221641
469007,海南省,东方市,,city,108.651829,19.095187
469027,海南省,乐东黎族自治县,,city,109.173384,18.750063
469028,海南省,陵水黎族自治县,,city,110.037553,18.506045
460300,海南省,三沙市,,city,112.338649,16.831004
460302,海南省,三沙市,西沙区,district,112.346961,16.834372
460303,海南省,三沙市,南沙区,district,112.896229,9.548531
469005,海南省,文昌市,,city,110.797473,19.544234
460200,海南省,三亚市,,city,109.511709,18.252865
460202,海南省,三亚市,海棠区,district,109.735676,18.384177
460205,海南省,三亚市,崖州区,district,109.172298,18.357572
460204,海南省,三亚市,天涯区,district,109.452325,18.298975
460203,海南省,三亚市,吉阳区,district,109.578238,18.28146
469024,海南省,临高县,,city,109.690508,19.912025
469029,海南省,保亭黎族苗族自治县,,city,109.700279,18.640339
469001,海南省,五指山市,,city,109.516784,18.774827
469026,海南省,昌江黎族自治县,,city,109.055783,19.298139
469021,海南省,定安县,,city,110.358001,19.681215
469023,海南省,澄迈县,,city,110.007497,19.738885
460100,海南省,海口市,,city,110.200162,20.046316
460108,海南省,海口市,美兰区,district,110.366359,20.028983
460107,海南省,海口市,琼山区,district,110.384318,19.984293
460106,海南省,海口市,龙华区,district,110.328628,20.030843
460105,海南省,海口市,秀英区,district,110.293566,20.007703
469002,海南省,琼海市,,city,110.474524,19.259112
460400,海南省,儋州市,,city,109.580812,19.520948
469006,海南省,万宁市,,city,110.392605,18.793697
320000,江苏省,,,province,118.763563,32.061377
320600,江苏省,南通市,,city,120.894522,31.981269
320623,江苏省,南通市,如东县,district,121.18495,32.331584
320681,江苏省,南通市,启东市,district,121.65523,31.792831
320614,江苏省,南通市,海门区,district,121.182016,31.869418
320613,江苏省,南通市,崇川区,district,120.857253,32.010277
320612,江苏省,南通市,通州区,district,121.073742,32.065972
320682,江苏省,南通市,如皋市,district,120.574028,32.371493
320685,江苏省,南通市,海安市,district,120.46779,32.532853
320700,江苏省,连云港市,,city,119.221487,34.596639
320707,江苏省,连云港市,赣榆区,district,119.173173,34.841336
320703,江苏省,连云港市,连云区,district,119.338901,34.760317
320722,江苏省,连云港市,东海县,district,118.752869,34.542194
320724,江苏省,连云港市,灌南县,district,119.315583,34.087251
320723,江苏省,连云港市,灌云县,district,119.239426,34.284074
320706,江苏省,连云港市,海州区,district,119.163492,34.572506
320100,江苏省,南京市,,city,118.796624,32.059344
320115,江苏省,南京市,江宁区,district,118.83951,31.953195
320114,江苏省,南京市,雨花台区,district,118.779087,31.991291
320117,江苏省,南京市,溧水区,district,119.028414,31.651108
320118,江苏省,南京市,高淳区,district,118.892074,31.328678
320106,江苏省,南京市,鼓楼区,district,118.769943,32.066814
320111,江苏省,南京市,浦口区,district,118.627165,32.059796
320105,江苏省,南京市,建邺区,district,118.731642,32.003343
320102,江苏省,南京市,玄武区,district,118.797779,32.048644
320104,江苏省,南京市,秦淮区,district,118.794792,32.039065
320113,江苏省,南京市,栖霞区,district,118.909117,32.096423
320116,江苏省,南京市,六合区,district,118.822241,32.323235
320500,江苏省,苏州市,,city,120.585294,31.299758
320505,江苏省,苏州市,虎丘区,district,120.434238,31.329601
320508,江苏省,苏州市,姑苏区,district,120.617367,31.335648
320581,江苏省,苏州市,常熟市,district,120.752512,31.656016
320583,江苏省,苏州市,昆山市,district,120.980795,31.385476
320582,江苏省,苏州市,张家港市,district,120.555979,31.876739
320507,江苏省,苏州市,相城区,district,120.642391,31.369189
320585,江苏省,苏州市,太仓市,district,121.130344,31.458043
320506,江苏省,苏州市,吴中区,district,120.632094,31.263604
320509,江苏省,苏州市,吴江区,district,120.645728,31.138525
321300,江苏省,宿迁市,,city,118.275228,33.963186
321323,江苏省,宿迁市,泗阳县,district,118.703636,33.723576
321302,江苏省,宿迁市,宿城区,district,118.242048,33.963891
321311,江苏省,宿迁市,宿豫区,district,118.330423,33.94813
321322,江苏省,宿迁市,沭阳县,district,118.804321,34.110642
321324,江苏省,宿迁市,泗洪县,district,118.223941,33.476575
320800,江苏省,淮安市,,city,119.113166,33.551495
320830,江苏省,淮安市,盱眙县,district,118.544545,33.011905
320831,江苏省,淮安市,金湖县,district,119.020432,33.024663
320813,江苏省,淮安市,洪泽区,district,118.873132,33.294095
320804,江苏省,淮安市,淮阴区,district,119.034895,33.632588
320826,江苏省,淮安市,涟水县,district,119.260589,33.781648
320812,江苏省,淮安市,清江浦区,district,119.026662,33.552579
320803,江苏省,淮安市,淮安区,district,119.167809,33.531037
320300,江苏省,徐州市,,city,117.283752,34.204224
320311,江苏省,徐州市,泉山区,district,117.194405,34.22655
320312,江苏省,徐州市,铜山区,district,117.169698,34.181162
320322,江苏省,徐州市,沛县,district,116.936353,34.760761
320302,江苏省,徐州市,鼓楼区,district,117.185643,34.288736
320303,江苏省,徐州市,云龙区,district,117.251515,34.253638
320305,江苏省,徐州市,贾汪区,district,117.465137,34.436492
320381,江苏省,徐州市,新沂市,district,118.354747,34.369585
320321,江苏省,徐州市,丰县,district,116.658111,34.697232
320382,江苏省,徐州市,邳州市,district,118.012511,34.339208
320324,江苏省,徐州市,睢宁县,district,117.941364,33.913727
320400,江苏省,常州市,,city,119.974092,31.811313
320413,江苏省,常州市,金坛区,district,119.587503,31.722384
320404,江苏省,常州市,钟楼区,district,119.902081,31.802608
320481,江苏省,常州市,溧阳市,district,119.484164,31.416967
320411,江苏省,常州市,新北区,district,119.960925,31.86355
320402,江苏省,常州市,天宁区,district,119.999439,31.79232
320412,江苏省,常州市,武进区,district,119.942441,31.701252
320900,江苏省,盐城市,,city,120.16263,33.348176
320924,江苏省,盐城市,射阳县,district,120.326338,33.766277
320922,江苏省,盐城市,滨海县,district,119.820713,33.990372
320921,江苏省,盐城市,响水县,district,119.578332,34.199172
320903,江苏省,盐城市,盐都区,district,120.153567,33.338538
320904,江苏省,盐城市,大丰区,district,120.500761,33.200047
320902,江苏省,盐城市,亭湖区,district,120.196148,33.391414
320925,江苏省,盐城市,建湖县,district,119.788743,33.438931
320923,江苏省,盐城市,阜宁县,district,119.802271,33.758857
320981,江苏省,盐城市,东台市,district,120.320308,32.867845
321200,江苏省,泰州市,,city,119.922883,32.456692
321281,江苏省,泰州市,兴化市,district,119.85255,32.911952
321283,江苏省,泰州市,泰兴市,district,120.051475,32.173072
321203,江苏省,泰州市,高港区,district,119.88154,32.31923
321202,江苏省,泰州市,海陵区,district,119.923825,32.49248
321204,江苏省,泰州市,姜堰区,district,120.12807,32.51029
321282,江苏省,泰州市,靖江市,district,120.277124,31.98325
321000,江苏省,扬州市,,city,119.412834,32.394404
321002,江苏省,扬州市,广陵区,district,119.431785,32.395654
321003,江苏省,扬州市,邗江区,district,119.397935,32.37741
321084,江苏省,扬州市,高邮市,district,119.45892,32.781606
321023,江苏省,扬州市,宝应县,district,119.358389,33.241125
321012,江苏省,扬州市,江都区,district,119.569684,32.43571
321081,江苏省,扬州市,仪征市,district,119.184468,32.272833
321100,江苏省,镇江市,,city,119.424441,32.188141
321112,江苏省,镇江市,丹徒区,district,119.433854,32.132118
321102,江苏省,镇江市,京口区,district,119.470186,32.198285
321111,江苏省,镇江市,润州区,district,119.411383,32.195146
321182,江苏省,镇江市,扬中市,district,119.796816,32.236476
321181,江苏省,镇江市,丹阳市,district,119.606071,32.010035
321183,江苏省,镇江市,句容市,district,119.168693,31.945732
320200,江苏省,无锡市,,city,120.311889,31.491064
320214,江苏省,无锡市,新吴区,district,120.364303,31.49085
320213,江苏省,无锡市,梁溪区,district,120.303551,31.566226
320205,江苏省,无锡市,锡山区,district,120.357732,31.589484
320206,江苏省,无锡市,惠山区,district,120.29843,31.680282
320281,江苏省,无锡市,江阴市,district,120.284794,31.921642
320211,江苏省,无锡市,滨湖区,district,120.284381,31.527846
320282,江苏省,无锡市,宜兴市,district,119.821873,31.338429
630000,青海省,,,province,101.780482,36.622538
630200,青海省,海东市,,city,102.41064,36.473448
630222,青海省,海东市,民和回族土族自治县,district,102.830775,36.320038
630202,青海省,海东市,乐都区,district,102.401614,36.482242
630225,青海省,海东市,循化撒拉族自治县,district,102.488958,35.851079
630224,青海省,海东市,化隆回族自治县,district,102.031294,36.011257
630203,青海省,海东市,平安区,district,102.108538,36.500166
630223,青海省,海东市,互助土族自治县,district,101.958519,36.844027
632500,青海省,海南藏族自治州,,city,100.622647,36.296399
632523,青海省,海南藏族自治州,贵德县,district,101.43403,36.039672
632525,青海省,海南藏族自治州,贵南县,district,100.747731,35.587239
632522,青海省,海南藏族自治州,同德县,district,100.577859,35.254297
632521,青海省,海南藏族自治州,共和县,district,100.619405,36.284158
632524,青海省,海南藏族自治州,兴海县,district,99.987799,35.589086
632800,青海省,海西蒙古族藏族自治州,,city,97.33197,37.348114
632823,青海省,海西蒙古族藏族自治州,天峻县,district,99.02297,37.301206
632802,青海省,海西蒙古族藏族自治州,德令哈市,district,97.361528,37.369865
632801,青海省,海西蒙古族藏族自治州,格尔木市,district,94.928293,36.407272
632822,青海省,海西蒙古族藏族自治州,都兰县,district,98.095889,36.302098
632821,青海省,海西蒙古族藏族自治州,乌兰县,district,98.47988,36.941279
632825,青海省,海西蒙古族藏族自治州,海西蒙古族藏族自治州直辖,district,95.357233,37.853631
632803,青海省,海西蒙古族藏族自治州,茫崖市,district,90.856372,38.247537
632700,青海省,玉树藏族自治州,,city,97.006292,33.006308
632724,青海省,玉树藏族自治州,治多县,district,95.618954,33.844854
632726,青海省,玉树藏族自治州,曲麻莱县,district,95.805463,34.137353
632723,青海省,玉树藏族自治州,称多县,district,97.109487,33.377504
632722,青海省,玉树藏族自治州,杂多县,district,95.300723,32.893185
632701,青海省,玉树藏族自治州,玉树市,district,97.009184,32.992934
632725,青海省,玉树藏族自治州,囊谦县,district,96.489538,32.203193
632300,青海省,黄南藏族自治州,,city,102.015397,35.519317
632301,青海省,黄南藏族自治州,同仁市,district,102.018663,35.515769
632323,青海省,黄南藏族自治州,泽库县,district,101.466565,35.035322
632322,青海省,黄南藏族自治州,尖扎县,district,102.040094,35.943253
632324,青海省,黄南藏族自治州,河南蒙古族自治县,district,101.617719,34.734777
632600,青海省,果洛藏族自治州,,city,100.245161,34.472179
632621,青海省,果洛藏族自治州,玛沁县,district,100.238873,34.478049
632623,青海省,果洛藏族自治州,甘德县,district,99.900923,33.969216
632625,青海省,果洛藏族自治州,久治县,district,101.482831,33.429471
632624,青海省,果洛藏族自治州,达日县,district,99.651863,33.739293
632622,青海省,果洛藏族自治州,班玛县,district,100.737138,32.932723
632626,青海省,果洛藏族自治州,玛多县,district,98.209217,34.915645
632200,青海省,海北藏族自治州,,city,100.900944,36.954612
632223,青海省,海北藏族自治州,海晏县,district,100.994521,36.896667
632221,青海省,海北藏族自治州,门源回族自治县,district,101.611524,37.388567
632224,青海省,海北藏族自治州,刚察县,district,100.145662,37.325096
632222,青海省,海北藏族自治州,祁连县,district,100.253211,38.177112
630100,青海省,西宁市,,city,101.758249,36.676027
630123,青海省,西宁市,湟源县,district,101.256464,36.682426
630121,青海省,西宁市,大通回族土族自治县,district,101.685503,36.926872
630104,青海省,西宁市,城西区,district,101.765915,36.628288
630105,青海省,西宁市,城北区,district,101.766308,36.650064
630106,青海省,西宁市,湟中区,district,101.571683,36.501291
630103,青海省,西宁市,城中区,district,101.705357,36.545545
630102,青海省,西宁市,城东区,district,101.803717,36.599744
450000,广西壮族自治区,,,province,108.327537,22.816659
451000,广西壮族自治区,百色市,,city,106.61869,23.90307
451028,广西壮族自治区,百色市,乐业县,district,106.556564,24.776812
451031,广西壮族自治区,百色市,隆林各族自治县,district,105.343816,24.770649
451030,广西壮族自治区,百色市,西林县,district,105.097229,24.50762
451002,广西壮族自治区,百色市,右江区,district,106.618151,23.900804
451024,广西壮族自治区,百色市,德保县,district,106.615087,23.324084
451003,广西壮族自治区,百色市,田阳区,district,106.915424,23.735631
451022,广西壮族自治区,百色市,田东县,district,107.125609,23.596706
451081,广西壮族自治区,百色市,靖西市,district,106.417666,23.134375
451029,广西壮族自治区,百色市,田林县,district,106.22874,24.294627
451082,广西壮族自治区,百色市,平果市,district,107.589768,23.329815
451026,广西壮族自治区,百色市,那坡县,district,105.83234,23.387997
451027,广西壮族自治区,百色市,凌云县,district,106.56114,24.347444
450700,广西壮族自治区,钦州市,,city,108.654355,21.980894
450702,广西壮族自治区,钦州市,钦南区,district,108.657427,21.940438
450703,广西壮族自治区,钦州市,钦北区,district,108.638738,22.0024
450722,广西壮族自治区,钦州市,浦北县,district,109.556232,22.271902
450721,广西壮族自治区,钦州市,灵山县,district,109.290698,22.416671
450500,广西壮族自治区,北海市,,city,109.120248,21.481305
450512,广西壮族自治区,北海市,铁山港区,district,109.422099,21.529878
450502,广西壮族自治区,北海市,海城区,district,109.117256,21.474914
450521,广西壮族自治区,北海市,合浦县,district,109.207236,21.66132
450503,广西壮族自治区,北海市,银海区,district,109.139689,21.449729
450600,广西壮族自治区,防城港市,,city,108.35467,21.686732
450621,广西壮族自治区,防城港市,上思县,district,107.983627,22.153671
450602,广西壮族自治区,防城港市,港口区,district,108.380273,21.643426
450603,广西壮族自治区,防城港市,防城区,district,108.353978,21.768826
450681,广西壮族自治区,防城港市,东兴市,district,107.971828,21.547821
450200,广西壮族自治区,柳州市,,city,109.428071,24.326442
450225,广西壮族自治区,柳州市,融水苗族自治县,district,109.256609,25.066624
450224,广西壮族自治区,柳州市,融安县,district,109.397538,25.224549
450202,广西壮族自治区,柳州市,城中区,district,109.427398,24.366964
450205,广西壮族自治区,柳州市,柳北区,district,109.402009,24.362611
450223,广西壮族自治区,柳州市,鹿寨县,district,109.750527,24.472897
450203,广西壮族自治区,柳州市,鱼峰区,district,109.452781,24.318276
450226,广西壮族自治区,柳州市,三江侗族自治县,district,109.607675,25.783197
450206,广西壮族自治区,柳州市,柳江区,district,109.326365,24.255644
450204,广西壮族自治区,柳州市,柳南区,district,109.385504,24.336229
450222,广西壮族自治区,柳州市,柳城县,district,109.244565,24.649989
451300,广西壮族自治区,来宾市,,city,109.221243,23.750105
451381,广西壮族自治区,来宾市,合山市,district,108.885829,23.807032
451324,广西壮族自治区,来宾市,金秀瑶族自治县,district,110.190354,24.130509
451322,广西壮族自治区,来宾市,象州县,district,109.704852,23.973832
451302,广西壮族自治区,来宾市,兴宾区,district,109.183284,23.727647
451323,广西壮族自治区,来宾市,武宣县,district,109.663153,23.594444
451321,广西壮族自治区,来宾市,忻城县,district,108.665641,24.066176
450400,广西壮族自治区,梧州市,,city,111.279022,23.476733
450423,广西壮族自治区,梧州市,蒙山县,district,110.525003,24.193567
450406,广西壮族自治区,梧州市,龙圩区,district,111.247514,23.414869
450481,广西壮族自治区,梧州市,岑溪市,district,110.994955,22.918327
450405,广西壮族自治区,梧州市,长洲区,district,111.274276,23.486279
450403,广西壮族自治区,梧州市,万秀区,district,111.318065,23.470543
450421,广西壮族自治区,梧州市,苍梧县,district,111.547244,23.868208
450422,广西壮族自治区,梧州市,藤县,district,110.914606,23.375538
450800,广西壮族自治区,贵港市,,city,109.598903,23.11182
450803,广西壮族自治区,贵港市,港南区,district,109.599357,23.075816
450802,广西壮族自治区,贵港市,港北区,district,109.572227,23.11136
450881,广西壮族自治区,贵港市,桂平市,district,110.079315,23.394208
450804,广西壮族自治区,贵港市,覃塘区,district,109.452668,23.127405
450821,广西壮族自治区,贵港市,平南县,district,110.392489,23.540413
450900,广西壮族自治区,玉林市,,city,110.18097,22.654001
450903,广西壮族自治区,玉林市,福绵区,district,110.059564,22.585316
450924,广西壮族自治区,玉林市,兴业县,district,109.875223,22.736395
450921,广西壮族自治区,玉林市,容县,district,110.558093,22.85844
450923,广西壮族自治区,玉林市,博白县,district,109.975856,22.273539
450902,广西壮族自治区,玉林市,玉州区,district,110.150717,22.628476
450922,广西壮族自治区,玉林市,陆川县,district,110.26412,22.321563
450981,广西壮族自治区,玉林市,北流市,district,110.353765,22.708415
451400,广西壮族自治区,崇左市,,city,107.364973,22.377139
451481,广西壮族自治区,崇左市,凭祥市,district,106.766715,22.094421
451421,广西壮族自治区,崇左市,扶绥县,district,107.90389,22.635542
451423,广西壮族自治区,崇左市,龙州县,district,106.854001,22.343591
451422,广西壮族自治区,崇左市,宁明县,district,107.076394,22.140242
451425,广西壮族自治区,崇左市,天等县,district,107.143539,23.080818
451402,广西壮族自治区,崇左市,江州区,district,107.353694,22.40609
451424,广西壮族自治区,崇左市,大新县,district,107.200654,22.829287
451100,广西壮族自治区,贺州市,,city,111.567216,24.404182
451121,广西壮族自治区,贺州市,昭平县,district,110.811158,24.169675
451102,广西壮族自治区,贺州市,八步区,district,111.552029,24.411822
451103,广西壮族自治区,贺州市,平桂区,district,111.479839,24.453094
451122,广西壮族自治区,贺州市,钟山县,district,111.303085,24.526041
451123,广西壮族自治区,贺州市,富川瑶族自治县,district,111.296012,24.811601
450100,广西壮族自治区,南宁市,,city,108.366407,22.8177
450124,广西壮族自治区,南宁市,马山县,district,108.177764,23.708448
450110,广西壮族自治区,南宁市,武鸣区,district,108.274869,23.159257
450125,广西壮族自治区,南宁市,上林县,district,108.605089,23.432451
450123,广西壮族自治区,南宁市,隆安县,district,107.695721,23.166356
450107,广西壮族自治区,南宁市,西乡塘区,district,108.31344,22.833852
450126,广西壮族自治区,南宁市,宾阳县,district,108.810336,23.217771
450105,广西壮族自治区,南宁市,江南区,district,108.273206,22.781166
450108,广西壮族自治区,南宁市,良庆区,district,108.393889,22.753613
450109,广西壮族自治区,南宁市,邕宁区,district,108.487438,22.758633
450181,广西壮族自治区,南宁市,横州市,district,109.262448,22.681257
450103,广西壮族自治区,南宁市,青秀区,district,108.495204,22.785833
450102,广西壮族自治区,南宁市,兴宁区,district,108.368071,22.85354
451200,广西壮族自治区,河池市,,city,108.63639,24.48523
451223,广西壮族自治区,河池市,凤山县,district,107.042157,24.546913
451224,广西壮族自治区,河池市,东兰县,district,107.374259,24.510698
451229,广西壮族自治区,河池市,大化瑶族自治县,district,107.998151,23.735699
451228,广西壮族自治区,河池市,都安瑶族自治县,district,108.105229,23.932704
451226,广西壮族自治区,河池市,环江毛南族自治县,district,108.258426,24.825923
451202,广西壮族自治区,河池市,金城江区,district,108.085166,24.692865
451227,广西壮族自治区,河池市,巴马瑶族自治县,district,107.258671,24.142216
451225,广西壮族自治区,河池市,罗城仫佬族自治县,district,108.904613,24.777501
451203,广西壮族自治区,河池市,宜州区,district,108.611303,24.500981
451222,广西壮族自治区,河池市,天峨县,district,107.172287,24.999181
451221,广西壮族自治区,河池市,南丹县,district,107.540578,24.975066
450300,广西壮族自治区,桂林市,,city,110.179752,25.235615
450327,广西壮族自治区,桂林市,灌阳县,district,111.160764,25.489419
450330,广西壮族自治区,桂林市,平乐县,district,110.632867,24.622814
450324,广西壮族自治区,桂林市,全州县,district,111.087089,25.94939
450326,广西壮族自治区,桂林市,永福县,district,109.987507,24.974409
450321,广西壮族自治区,桂林市,阳朔县,district,110.496305,24.778785
450381,广西壮族自治区,桂林市,荔浦市,district,110.395232,24.48843
450312,广西壮族自治区,桂林市,临桂区,district,110.212425,25.238556
450304,广西壮族自治区,桂林市,象山区,district,110.281223,25.261585
450325,广西壮族自治区,桂林市,兴安县,district,110.672013,25.612576
450328,广西壮族自治区,桂林市,龙胜各族自治县,district,110.011662,25.79803
450305,广西壮族自治区,桂林市,七星区,district,110.317576,25.253093
450311,广西壮族自治区,桂林市,雁山区,district,110.286611,25.101798
450303,广西壮族自治区,桂林市,叠彩区,district,110.301489,25.314158
450323,广西壮族自治区,桂林市,灵川县,district,110.319837,25.3948
450302,广西壮族自治区,桂林市,秀峰区,district,110.264102,25.273954
450332,广西壮族自治区,桂林市,恭城瑶族自治县,district,110.82841,24.831581
450329,广西壮族自治区,桂林市,资源县,district,110.652612,26.042452
640000,宁夏回族自治区,,,province,106.258889,38.472273
640400,宁夏回族自治区,固原市,,city,106.24267,36.01628
640423,宁夏回族自治区,固原市,隆德县,district,106.111321,35.62592
640425,宁夏回族自治区,固原市,彭阳县,district,106.632151,35.860067
640424,宁夏回族自治区,固原市,泾源县,district,106.330569,35.497887
640422,宁夏回族自治区,固原市,西吉县,district,105.729189,35.963885
640402,宁夏回族自治区,固原市,原州区,district,106.28784,36.003777
640200,宁夏回族自治区,石嘴山市,,city,106.382792,38.984632
640221,宁夏回族自治区,石嘴山市,平罗县,district,106.523411,38.913923
640202,宁夏回族自治区,石嘴山市,大武口区,district,106.379323,39.018409
640205,宁夏回族自治区,石嘴山市,惠农区,district,106.781013,39.239292
640500,宁夏回族自治区,中卫市,,city,105.19677,37.500185
640502,宁夏回族自治区,中卫市,沙坡头区,district,105.173875,37.516859
640521,宁夏回族自治区,中卫市,中宁县,district,105.684729,37.492092
640522,宁夏回族自治区,中卫市,海原县,district,105.643449,36.565189
640100,宁夏回族自治区,银川市,,city,106.230977,38.487783
640181,宁夏回族自治区,银川市,灵武市,district,106.339978,38.102456
640104,宁夏回族自治区,银川市,兴庆区,district,106.288452,38.473972
640121,宁夏回族自治区,银川市,永宁县,district,106.25337,38.277376
640105,宁夏回族自治区,银川市,西夏区,district,106.161208,38.502325
640122,宁夏回族自治区,银川市,贺兰县,district,106.365074,38.579147
640106,宁夏回族自治区,银川市,金凤区,district,106.239339,38.474277
640300,宁夏回族自治区,吴忠市,,city,106.198613,37.997755
640323,宁夏回族自治区,吴忠市,盐池县,district,107.407184,37.783276
640303,宁夏回族自治区,吴忠市,红寺堡区,district,106.06216,37.425494
640302,宁夏回族自治区,吴忠市,利通区,district,106.235842,38.00298
640381,宁夏回族自治区,吴忠市,青铜峡市,district,106.07906,38.021579
640324,宁夏回族自治区,吴忠市,同心县,district,105.895412,36.954635
330000,浙江省,,,province,120.152575,30.266619
330900,浙江省,舟山市,,city,122.207395,29.985578
330922,浙江省,舟山市,嵊泗县,district,122.45132,30.725677
330921,浙江省,舟山市,岱山县,district,122.225718,30.264533
330902,浙江省,舟山市,定海区,district,122.106844,30.019795
330903,浙江省,舟山市,普陀区,district,122.323297,29.970571
330400,浙江省,嘉兴市,,city,120.755623,30.746814
330482,浙江省,嘉兴市,平湖市,district,121.015619,30.677804
330402,浙江省,嘉兴市,南湖区,district,120.782952,30.747738
330483,浙江省,嘉兴市,桐乡市,district,120.565127,30.630375
330424,浙江省,嘉兴市,海盐县,district,120.94628,30.52664
330421,浙江省,嘉兴市,嘉善县,district,120.926031,30.83085
330411,浙江省,嘉兴市,秀洲区,district,120.709047,30.764811
330481,浙江省,嘉兴市,海宁市,district,120.680224,30.511536
330200,浙江省,宁波市,,city,121.62454,29.860258
330206,浙江省,宁波市,北仑区,district,121.844601,29.899548
330225,浙江省,宁波市,象山县,district,121.869251,29.476826
330211,浙江省,宁波市,镇海区,district,121.596686,29.965212
330203,浙江省,宁波市,海曙区,district,121.550485,29.873705
330212,浙江省,宁波市,鄞州区,district,121.546617,29.817302
330213,浙江省,宁波市,奉化区,district,121.406151,29.655292
330226,浙江省,宁波市,宁海县,district,121.429729,29.287929
330205,浙江省,宁波市,江北区,district,121.555067,29.88673
330282,浙江省,宁波市,慈溪市,district,121.266525,30.170695
330281,浙江省,宁波市,余姚市,district,121.154572,30.037967
331000,浙江省,台州市,,city,121.42079,28.655716
331082,浙江省,台州市,临海市,district,121.144625,28.859042
331002,浙江省,台州市,椒江区,district,121.442859,28.673334
331004,浙江省,台州市,路桥区,district,121.337874,28.578244
331083,浙江省,台州市,玉环市,district,121.231915,28.136703
331081,浙江省,台州市,温岭市,district,121.385435,28.372805
331022,浙江省,台州市,三门县,district,121.39561,29.104888
331024,浙江省,台州市,仙居县,district,120.728733,28.846856
331003,浙江省,台州市,黄岩区,district,121.261804,28.649433
331023,浙江省,台州市,天台县,district,121.006657,29.144594
330300,浙江省,温州市,,city,120.699279,27.993849
330305,浙江省,温州市,洞头区,district,121.157406,27.836412
330327,浙江省,温州市,苍南县,district,120.425957,27.518636
330326,浙江省,温州市,平阳县,district,120.565161,27.662394
330381,浙江省,温州市,瑞安市,district,120.655245,27.778967
330383,浙江省,温州市,龙港市,district,120.552952,27.578379
330382,浙江省,温州市,乐清市,district,120.986297,28.112519
330324,浙江省,温州市,永嘉县,district,120.69136,28.153914
330302,浙江省,温州市,鹿城区,district,120.655199,28.015776
330328,浙江省,温州市,文成县,district,120.090929,27.786856
330329,浙江省,温州市,泰顺县,district,119.717643,27.556578
330304,浙江省,温州市,瓯海区,district,120.615149,27.967445
330303,浙江省,温州市,龙湾区,district,120.812333,27.933261
331100,浙江省,丽水市,,city,119.923249,28.467694
331124,浙江省,丽水市,松阳县,district,119.481406,28.448883
331181,浙江省,丽水市,龙泉市,district,119.14126,28.074916
331127,浙江省,丽水市,景宁畲族自治县,district,119.635686,27.973594
331121,浙江省,丽水市,青田县,district,120.289693,28.1396
331126,浙江省,丽水市,庆元县,district,119.062572,27.619213
331123,浙江省,丽水市,遂昌县,district,119.275865,28.592388
331125,浙江省,丽水市,云和县,district,119.573454,28.116024
331102,浙江省,丽水市,莲都区,district,119.912266,28.4461
331122,浙江省,丽水市,缙云县,district,120.091685,28.659294
330800,浙江省,衢州市,,city,118.859307,28.970229
330824,浙江省,衢州市,开化县,district,118.406852,29.1179
330881,浙江省,衢州市,江山市,district,118.627228,28.73796
330825,浙江省,衢州市,龙游县,district,119.1723,29.028214
330803,浙江省,衢州市,衢江区,district,118.959139,28.980356
330802,浙江省,衢州市,柯城区,district,118.874138,28.936937
330822,浙江省,衢州市,常山县,district,118.511224,28.902446
330700,浙江省,金华市,,city,119.647265,29.079195
330726,浙江省,金华市,浦江县,district,119.89259,29.453363
330782,浙江省,金华市,义乌市,district,120.075679,29.306296
330703,浙江省,金华市,金东区,district,119.692821,29.099822
330783,浙江省,金华市,东阳市,district,120.24179,29.290158
330727,浙江省,金华市,磐安县,district,120.449937,29.054491
330784,浙江省,金华市,永康市,district,120.047356,28.88899
330723,浙江省,金华市,武义县,district,119.816341,28.892562
330781,浙江省,金华市,兰溪市,district,119.460404,29.209059
330702,浙江省,金华市,婺城区,district,119.571574,29.087311
330500,浙江省,湖州市,,city,120.086881,30.894178
330503,浙江省,湖州市,南浔区,district,120.418244,30.850835
330523,浙江省,湖州市,安吉县,district,119.680261,30.638803
330521,浙江省,湖州市,德清县,district,119.9774,30.54251
330502,浙江省,湖州市,吴兴区,district,120.185608,30.857184
330522,浙江省,湖州市,长兴县,district,119.911212,31.026962
330100,浙江省,杭州市,,city,120.209903,30.246566
330127,浙江省,杭州市,淳安县,district,119.042015,29.609678
330113,浙江省,杭州市,临平区,district,120.299222,30.419154
330108,浙江省,杭州市,滨江区,district,120.211981,30.208332
330112,浙江省,杭州市,临安区,district,119.724457,30.234375
330102,浙江省,杭州市,上城区,district,120.19732,30.226543
330111,浙江省,杭州市,富阳区,district,119.96022,30.048803
330105,浙江省,杭州市,拱墅区,district,120.141503,30.319126
330110,浙江省,杭州市,余杭区,district,119.978742,30.273705
330106,浙江省,杭州市,西湖区,district,120.130396,30.259242
330182,浙江省,杭州市,建德市,district,119.281195,29.474964
330122,浙江省,杭州市,桐庐县,district,119.691755,29.79418
330114,浙江省,杭州市,钱塘区,district,120.493941,30.32304
330109,浙江省,杭州市,萧山区,district,120.264263,30.184119
330600,浙江省,绍兴市,,city,120.582886,30.051549
330604,浙江省,绍兴市,上虞区,district,120.868571,30.033862
330681,浙江省,绍兴市,诸暨市,district,120.246602,29.709398
330602,浙江省,绍兴市,越城区,district,120.582338,29.989092
330683,浙江省,绍兴市,嵊州市,district,120.830505,29.561519
330624,浙江省,绍兴市,新昌县,district,120.903918,29.500525
330603,浙江省,绍兴市,柯桥区,district,120.495532,30.083039
130000,河北省,,,province,114.530399,38.037707
130200,河北省,唐山市,,city,118.180149,39.63068
130209,河北省,唐山市,曹妃甸区,district,118.460197,39.273528
130225,河北省,唐山市,乐亭县,district,118.91245,39.425748
130224,河北省,唐山市,滦南县,district,118.68363,39.520272
130204,河北省,唐山市,古冶区,district,118.447134,39.73392
130207,河北省,唐山市,丰南区,district,118.085169,39.576031
130283,河北省,唐山市,迁安市,district,118.701021,39.998861
130202,河北省,唐山市,路南区,district,118.154348,39.624988
130229,河北省,唐山市,玉田县,district,117.738196,39.901827
130281,河北省,唐山市,遵化市,district,117.965878,40.189119
130284,河北省,唐山市,滦州市,district,118.70301,39.740963
130205,河北省,唐山市,开平区,district,118.262246,39.671634
130208,河北省,唐山市,丰润区,district,118.162426,39.832919
130227,河北省,唐山市,迁西县,district,118.31467,40.141486
130203,河北省,唐山市,路北区,district,118.201085,39.625079
130300,河北省,秦皇岛市,,city,119.52022,39.888243
130303,河北省,秦皇岛市,山海关区,district,119.775187,39.978882
130306,河北省,秦皇岛市,抚宁区,district,119.244847,39.876253
130302,河北省,秦皇岛市,海港区,district,119.564962,39.94756
130321,河北省,秦皇岛市,青龙满族自治县,district,118.94985,40.407473
130322,河北省,秦皇岛市,昌黎县,district,119.199846,39.699677
130324,河北省,秦皇岛市,卢龙县,district,118.891931,39.892564
130304,河北省,秦皇岛市,北戴河区,district,119.48449,39.834912
130400,河北省,邯郸市,,city,114.53915,36.625849
130407,河北省,邯郸市,肥乡区,district,114.800199,36.548545
130431,河北省,邯郸市,鸡泽县,district,114.889951,36.911525
130408,河北省,邯郸市,永年区,district,114.536626,36.74188
130402,河北省,邯郸市,邯山区,district,114.531062,36.59457
130425,河北省,邯郸市,大名县,district,115.147985,36.286406
130403,河北省,邯郸市,丛台区,district,114.492875,36.636434
130404,河北省,邯郸市,复兴区,district,114.462581,36.638879
130481,河北省,邯郸市,武安市,district,114.203685,36.69759
130432,河北省,邯郸市,广平县,district,114.94865,36.483757
130424,河北省,邯郸市,成安县,district,114.670094,36.445331
130433,河北省,邯郸市,馆陶县,district,115.281818,36.548295
130406,河北省,邯郸市,峰峰矿区,district,114.212571,36.419298
130430,河北省,邯郸市,邱县,district,115.200049,36.811783
130435,河北省,邯郸市,曲周县,district,114.957549,36.766347
130426,河北省,邯郸市,涉县,district,113.692157,36.586073
130434,河北省,邯郸市,魏县,district,114.939217,36.35926
130423,河北省,邯郸市,临漳县,district,114.585514,36.322504
130427,河北省,邯郸市,磁县,district,114.373965,36.37507
130100,河北省,石家庄市,,city,114.514976,38.042007
130127,河北省,石家庄市,高邑县,district,114.611659,37.615905
130107,河北省,石家庄市,井陉矿区,district,114.062258,38.065446
130121,河北省,石家庄市,井陉县,district,114.145669,38.032366
130181,河北省,石家庄市,辛集市,district,115.217626,37.943239
130128,河北省,石家庄市,深泽县,district,115.20089,38.184572
130133,河北省,石家庄市,赵县,district,114.775914,37.756935
130125,河北省,石家庄市,行唐县,district,114.553044,38.437535
130123,河北省,石家庄市,正定县,district,114.57043,38.14699
130130,河北省,石家庄市,无极县,district,114.976256,38.178852
130184,河北省,石家庄市,新乐市,district,114.683745,38.343952
130102,河北省,石家庄市,长安区,district,114.538955,38.03682
130105,河北省,石家庄市,新华区,district,114.463904,38.050749
130129,河北省,石家庄市,赞皇县,district,114.386114,37.666549
130111,河北省,石家庄市,栾城区,district,114.647922,37.900915
130126,河北省,石家庄市,灵寿县,district,114.383013,38.307908
130131,河北省,石家庄市,平山县,district,114.186007,38.260288
130109,河北省,石家庄市,藁城区,district,114.846562,38.022177
130183,河北省,石家庄市,晋州市,district,115.044141,38.033937
130132,河北省,石家庄市,元氏县,district,114.525508,37.767332
130108,河北省,石家庄市,裕华区,district,114.531599,38.007002
130110,河北省,石家庄市,鹿泉区,district,114.313559,38.086536
130104,河北省,石家庄市,桥西区,district,114.45004,38.025245
131000,河北省,廊坊市,,city,116.683546,39.538304
131028,河北省,廊坊市,大厂回族自治县,district,116.98961,39.886569
131082,河北省,廊坊市,三河市,district,117.078269,39.982933
131002,河北省,廊坊市,安次区,district,116.6945443,39.50256863
131003,河北省,廊坊市,广阳区,district,116.710667,39.52343
131025,河北省,廊坊市,大城县,district,116.653917,38.705232
131023,河北省,廊坊市,永清县,district,116.50608,39.330983
131024,河北省,廊坊市,香河县,district,117.006072,39.763772
131026,河北省,廊坊市,文安县,district,116.457628,38.873185
131081,河北省,廊坊市,霸州市,district,116.391488,39.125238
131022,河北省,廊坊市,固安县,district,116.298696,39.438797
130700,河北省,张家口市,,city,114.885895,40.768931
130723,河北省,张家口市,康保县,district,114.60018,41.853016
130732,河北省,张家口市,赤城县,district,115.831256,40.913348
130709,河北省,张家口市,崇礼区,district,115.282345,40.974741
130706,河北省,张家口市,下花园区,district,115.287127,40.502628
130703,河北省,张家口市,桥西区,district,114.868604,40.819553
130725,河北省,张家口市,尚义县,district,113.968763,41.076588
130724,河北省,张家口市,沽源县,district,115.688544,41.670497
130722,河北省,张家口市,张北县,district,114.719927,41.159039
130708,河北省,张家口市,万全区,district,114.740584,40.767377
130705,河北省,张家口市,宣化区,district,115.099515,40.609444
130702,河北省,张家口市,桥东区,district,114.894114,40.788472
130727,河北省,张家口市,阳原县,district,114.150267,40.104303
130728,河北省,张家口市,怀安县,district,114.386488,40.67527
130730,河北省,张家口市,怀来县,district,115.517868,40.415625
130726,河北省,张家口市,蔚县,district,114.589136,39.840154
130731,河北省,张家口市,涿鹿县,district,115.196835,40.382681
130500,河北省,邢台市,,city,114.49742,37.060227
130524,河北省,邢台市,柏乡县,district,114.693447,37.48288
130581,河北省,邢台市,南宫市,district,115.40866,37.358907
130530,河北省,邢台市,新河县,district,115.251005,37.520891
130534,河北省,邢台市,清河县,district,115.665081,37.0451
130506,河北省,邢台市,南和区,district,114.683683,37.005626
130535,河北省,邢台市,临西县,district,115.501258,36.871312
130582,河北省,邢台市,沙河市,district,114.503023,36.855548
130522,河北省,邢台市,临城县,district,114.498651,37.444512
130529,河北省,邢台市,巨鹿县,district,115.037884,37.221293
130532,河北省,邢台市,平乡县,district,115.03008,37.063771
130503,河北省,邢台市,信都区,district,114.468229,37.093798
130502,河北省,邢台市,襄都区,district,114.507443,37.071314
130525,河北省,邢台市,隆尧县,district,114.770509,37.351232
130505,河北省,邢台市,任泽区,district,114.671339,37.121958
130523,河北省,邢台市,内丘县,district,114.512226,37.287612
130528,河北省,邢台市,宁晋县,district,114.940006,37.624524
130531,河北省,邢台市,广宗县,district,115.142766,37.074795
130533,河北省,邢台市,威县,district,115.266829,36.975164
130800,河北省,承德市,,city,117.962749,40.952942
130828,河北省,承德市,围场满族蒙古族自治县,district,117.75934,41.938372
130826,河北省,承德市,丰宁满族自治县,district,116.645798,41.209951
130825,河北省,承德市,隆化县,district,117.739026,41.314402
130804,河北省,承德市,鹰手营子矿区,district,117.659341,40.546424
130824,河北省,承德市,滦平县,district,117.332652,40.941644
130803,河北省,承德市,双滦区,district,117.799588,40.959426
130802,河北省,承德市,双桥区,district,117.943121,40.974679
130821,河北省,承德市,承德县,district,118.174166,40.768082
130881,河北省,承德市,平泉市,district,118.702032,41.018482
130822,河北省,承德市,兴隆县,district,117.500558,40.417358
130827,河北省,承德市,宽城满族自治县,district,118.485472,40.611333
131100,河北省,衡水市,,city,115.668987,37.739367
131102,河北省,衡水市,桃城区,district,115.675208,37.735152
131182,河北省,衡水市,深州市,district,115.559576,38.001535
131126,河北省,衡水市,故城县,district,115.965877,37.347873
131123,河北省,衡水市,武强县,district,115.982119,38.041447
131124,河北省,衡水市,饶阳县,district,115.725898,38.235313
131125,河北省,衡水市,安平县,district,115.518918,38.234769
131121,河北省,衡水市,枣强县,district,115.724365,37.514217
131103,河北省,衡水市,冀州区,district,115.579392,37.550922
131122,河北省,衡水市,武邑县,district,115.887498,37.802036
131128,河北省,衡水市,阜城县,district,116.175424,37.862984
131127,河北省,衡水市,景县,district,116.270558,37.692831
130900,河北省,沧州市,,city,116.838715,38.304676
130924,河北省,沧州市,海兴县,district,117.497545,38.143308
130923,河北省,沧州市,东光县,district,116.537138,37.888844
130902,河北省,沧州市,新华区,district,116.866309,38.314094
130927,河北省,沧州市,南皮县,district,116.708603,38.038761
130922,河北省,沧州市,青县,district,116.804137,38.583657
130926,河北省,沧州市,肃宁县,district,115.829619,38.423044
130984,河北省,沧州市,河间市,district,116.099362,38.446656
130929,河北省,沧州市,献县,district,116.152058,38.180381
130925,河北省,沧州市,盐山县,district,117.230681,38.058074
130930,河北省,沧州市,孟村回族自治县,district,117.104514,38.053438
130983,河北省,沧州市,黄骅市,district,117.330043,38.372266
130921,河北省,沧州市,沧县,district,117.007478,38.21985569
130903,河北省,沧州市,运河区,district,116.842964,38.283456
130982,河北省,沧州市,任丘市,district,116.084412,38.685325
130981,河北省,沧州市,泊头市,district,116.578322,38.084262
130928,河北省,沧州市,吴桥县,district,116.391557,37.628225
130600,河北省,保定市,,city,115.464523,38.874476
130636,河北省,保定市,顺平县,district,115.135133,38.837988
130631,河北省,保定市,望都县,district,115.15542,38.696221
130628,河北省,保定市,高阳县,district,115.779149,38.700846
130608,河北省,保定市,清苑区,district,115.48988,38.76527
130682,河北省,保定市,定州市,district,114.990321,38.516746
130633,河北省,保定市,易县,district,115.497487,39.350219
130607,河北省,保定市,满城区,district,115.322246,38.949732
130635,河北省,保定市,蠡县,district,115.583701,38.488064
130638,河北省,保定市,雄县,district,116.108624,38.994825
130602,河北省,保定市,竞秀区,district,115.458671,38.877318
130606,河北省,保定市,莲池区,district,115.497153,38.883528
130609,河北省,保定市,徐水区,district,115.655772,39.018781
130683,河北省,保定市,安国市,district,115.327088,38.418985
130637,河北省,保定市,博野县,district,115.464295,38.458048
130626,河北省,保定市,定兴县,district,115.808183,39.263219
130624,河北省,保定市,阜平县,district,114.195118,38.849221
130630,河北省,保定市,涞源县,district,114.694416,39.360622
130623,河北省,保定市,涞水县,district,115.713651,39.394305
130681,河北省,保定市,涿州市,district,115.97444,39.485684
130629,河北省,保定市,容城县,district,115.861635,39.043321
130632,河北省,保定市,安新县,district,115.935688,38.936102
130627,河北省,保定市,唐县,district,114.982968,38.748477
130634,河北省,保定市,曲阳县,district,114.740476,38.614409
130684,河北省,保定市,高碑店市,district,115.873612,39.327233
810000,香港特别行政区,,,province,114.170714,22.278354
810013,香港特别行政区,,北区,district,114.1473639,22.49610389
810014,香港特别行政区,,大埔区,district,114.1717431,22.44565306
810011,香港特别行政区,,屯门区,district,113.9765742,22.39384417
810015,香港特别行政区,,西贡区,district,114.264645,22.31421306
810008,香港特别行政区,,黄大仙区,district,114.2038856,22.33632056
810016,香港特别行政区,,沙田区,district,114.1953653,22.37953167
810007,香港特别行政区,,九龙城区,district,114.1928467,22.31251
810003,香港特别行政区,,东区,district,114.226003,22.279693
810001,香港特别行政区,,中西区,district,114.1543731,22.28198083
810004,香港特别行政区,,南区,district,114.1600117,22.24589667
810006,香港特别行政区,,深水埗区,district,114.1632417,22.33385417
810005,香港特别行政区,,油尖旺区,district,114.1733317,22.31170389
810018,香港特别行政区,,离岛区,district,113.94612,22.28640778
810009,香港特别行政区,,观塘区,district,114.2140542,22.32083778
810012,香港特别行政区,,元朗区,district,114.0324381,22.44142833
810017,香港特别行政区,,葵青区,district,114.1393194,22.36387667
810010,香港特别行政区,,荃湾区,district,114.1210792,22.36830667
810002,香港特别行政区,,湾仔区,district,114.1829153,22.27638889
820000,澳门特别行政区,,,province,113.543076,22.186927
820003,澳门特别行政区,,望德堂区,district,113.5501828,22.19372083
820002,澳门特别行政区,,花王堂区,district,113.5489608,22.1992075
820006,澳门特别行政区,,嘉模堂区,district,113.5587044,22.15375944
820005,澳门特别行政区,,风顺堂区,district,113.5419278,22.18736806
820001,澳门特别行政区,,花地玛堂区,district,113.5528956,22.20787
820004,澳门特别行政区,,大堂区,district,113.5536475,22.18853944
820008,澳门特别行政区,,圣方济各堂区,district,113.5599542,22.12348639
820007,澳门特别行政区,,路氹填海区,district,113.5695992,22.13663
620000,甘肃省,,,province,103.826777,36.060634
620200,甘肃省,嘉峪关市,,city,98.2882,39.77325
620900,甘肃省,酒泉市,,city,98.49432,39.733416
620923,甘肃省,酒泉市,肃北蒙古族自治县,district,94.876533,39.512158
620982,甘肃省,酒泉市,敦煌市,district,94.66201,40.142141
620981,甘肃省,酒泉市,玉门市,district,97.045617,40.292344
620921,甘肃省,酒泉市,金塔县,district,98.901523,39.984146
620902,甘肃省,酒泉市,肃州区,district,98.507834,39.74511
620924,甘肃省,酒泉市,阿克塞哈萨克族自治县,district,94.340202,39.633944
620922,甘肃省,酒泉市,瓜州县,district,95.782255,40.520457
620100,甘肃省,兰州市,,city,103.834228,36.060798
620111,甘肃省,兰州市,红古区,district,102.859338,36.345768
620105,甘肃省,兰州市,安宁区,district,103.718953,36.104493
620121,甘肃省,兰州市,永登县,district,103.260273,36.736457
620122,甘肃省,兰州市,皋兰县,district,103.947345,36.332434
620104,甘肃省,兰州市,西固区,district,103.627966,36.08845
620103,甘肃省,兰州市,七里河区,district,103.786261,36.066249
620123,甘肃省,兰州市,榆中县,district,104.112541,35.843354
620102,甘肃省,兰州市,城关区,district,103.825315,36.056948
620800,甘肃省,平凉市,,city,106.664913,35.542417
620802,甘肃省,平凉市,崆峒区,district,106.67489,35.542437
620825,甘肃省,平凉市,庄浪县,district,106.036201,35.20266
620826,甘肃省,平凉市,静宁县,district,105.732165,35.522035
620881,甘肃省,平凉市,华亭市,district,106.628899,35.207695
620822,甘肃省,平凉市,灵台县,district,107.595874,35.070027
620823,甘肃省,平凉市,崇信县,district,107.025762,35.305648
620821,甘肃省,平凉市,泾川县,district,107.367608,35.332992
620300,甘肃省,金昌市,,city,102.187972,38.521468
620321,甘肃省,金昌市,永昌县,district,101.984642,38.243534
620302,甘肃省,金昌市,金川区,district,102.1939,38.520373
620500,甘肃省,天水市,,city,105.724828,34.581514
620521,甘肃省,天水市,清水县,district,106.137318,34.749906
620503,甘肃省,天水市,麦积区,district,105.889452,34.571143
620502,甘肃省,天水市,秦州区,district,105.724914,34.581187
620524,甘肃省,天水市,武山县,district,104.89121,34.72183
620523,甘肃省,天水市,甘谷县,district,105.340789,34.745447
620525,甘肃省,天水市,张家川回族自治县,district,106.20513,34.988676
620522,甘肃省,天水市,秦安县,district,105.675799,34.859094
620400,甘肃省,白银市,,city,104.138872,36.545123
620421,甘肃省,白银市,靖远县,district,104.676202,36.571736
620423,甘肃省,白银市,景泰县,district,104.063125,37.18351
620402,甘肃省,白银市,白银区,district,104.14956,36.53469
620403,甘肃省,白银市,平川区,district,104.825275,36.728494
620422,甘肃省,白银市,会宁县,district,105.052883,35.693241
620600,甘肃省,武威市,,city,102.637821,37.92898
620602,甘肃省,武威市,凉州区,district,102.641959,37.928217
620622,甘肃省,武威市,古浪县,district,102.897542,37.470882
620621,甘肃省,武威市,民勤县,district,103.093671,38.624293
620623,甘肃省,武威市,天祝藏族自治县,district,103.142416,36.971978
620700,甘肃省,张掖市,,city,100.449858,38.924766
620721,甘肃省,张掖市,肃南裕固族自治县,district,99.627762,38.839221
620724,甘肃省,张掖市,高台县,district,99.819265,39.378294
620723,甘肃省,张掖市,临泽县,district,100.164333,39.15224
620702,甘肃省,张掖市,甘州区,district,100.415324,38.944315
620722,甘肃省,张掖市,民乐县,district,100.812047,38.430318
620725,甘肃省,张掖市,山丹县,district,101.088611,38.7846
621100,甘肃省,定西市,,city,104.592342,35.607947
621123,甘肃省,定西市,渭源县,district,104.215092,35.137028
621124,甘肃省,定西市,临洮县,district,103.859446,35.394993
621126,甘肃省,定西市,岷县,district,104.036731,34.43833
621125,甘肃省,定西市,漳县,district,104.471722,34.84854
621122,甘肃省,定西市,陇西县,district,104.634928,35.003899
621102,甘肃省,定西市,安定区,district,104.610647,35.580918
621121,甘肃省,定西市,通渭县,district,105.242312,35.211311
623000,甘肃省,甘南藏族自治州,,city,102.911736,34.983266
623021,甘肃省,甘南藏族自治州,临潭县,district,103.353665,34.693009
623022,甘肃省,甘南藏族自治州,卓尼县,district,103.506849,34.589476
623025,甘肃省,甘南藏族自治州,玛曲县,district,102.072608,33.998145
623027,甘肃省,甘南藏族自治州,夏河县,district,102.548303,35.203857
623026,甘肃省,甘南藏族自治州,碌曲县,district,102.487512,34.591084
623001,甘肃省,甘南藏族自治州,合作市,district,102.910305,35.000228
623024,甘肃省,甘南藏族自治州,迭部县,district,103.221735,34.055888
623023,甘肃省,甘南藏族自治州,舟曲县,district,104.251543,33.793695
621000,甘肃省,庆阳市,,city,107.643433,35.709459
621027,甘肃省,庆阳市,镇原县,district,107.200888,35.677705
621022,甘肃省,庆阳市,环县,district,107.308788,36.568566
621021,甘肃省,庆阳市,庆城县,district,107.881706,36.016125
621023,甘肃省,庆阳市,华池县,district,107.98972,36.461474
621024,甘肃省,庆阳市,合水县,district,108.021859,35.833908
621002,甘肃省,庆阳市,西峰区,district,107.650563,35.730318
621026,甘肃省,庆阳市,宁县,district,107.913463,35.509252
621025,甘肃省,庆阳市,正宁县,district,108.359964,35.492158
622900,甘肃省,临夏回族自治州,,city,103.210386,35.601792
622927,甘肃省,临夏回族自治州,积石山保安族东乡族撒拉族自治县,district,102.875939,35.717697
622923,甘肃省,临夏回族自治州,永靖县,district,103.285853,35.958306
622901,甘肃省,临夏回族自治州,临夏市,district,103.24222,35.604682
622924,甘肃省,临夏回族自治州,广河县,district,103.575582,35.488248
622921,甘肃省,临夏回族自治州,临夏县,district,103.04068,35.478726
622926,甘肃省,临夏回族自治州,东乡族自治县,district,103.388122,35.664409
622925,甘肃省,临夏回族自治州,和政县,district,103.350996,35.424602
622922,甘肃省,临夏回族自治州,康乐县,district,103.708507,35.370296
621200,甘肃省,陇南市,,city,104.960296,33.370174
621221,甘肃省,陇南市,成县,district,105.729569,33.740547
621227,甘肃省,陇南市,徽县,district,106.087156,33.769927
621228,甘肃省,陇南市,两当县,district,106.304973,33.908952
621224,甘肃省,陇南市,康县,district,105.608609,33.329212
621222,甘肃省,陇南市,文县,district,104.6835,32.944031
621202,甘肃省,陇南市,武都区,district,104.921861,33.400685
621225,甘肃省,陇南市,西和县,district,105.298756,34.014215
621226,甘肃省,陇南市,礼县,district,105.17864,34.189345
621223,甘肃省,陇南市,宕昌县,district,104.393385,34.047261
510000,四川省,,,province,104.076452,30.651696
510800,四川省,广元市,,city,105.844004,32.435774
510812,四川省,广元市,朝天区,district,105.882848,32.651352
510824,四川省,广元市,苍溪县,district,105.934756,31.731709
510811,四川省,广元市,昭化区,district,105.957612,32.333173
510823,四川省,广元市,剑阁县,district,105.524699,32.288681
510822,四川省,广元市,青川县,district,105.238498,32.575821
510802,四川省,广元市,利州区,district,105.845307,32.433756
510821,四川省,广元市,旺苍县,district,106.290124,32.229074
511300,四川省,南充市,,city,106.110565,30.837235
511321,四川省,南充市,南部县,district,106.036349,31.348255
511322,四川省,南充市,营山县,district,106.565524,31.077057
511304,四川省,南充市,嘉陵区,district,106.07208,30.758831
511325,四川省,南充市,西充县,district,105.900894,30.995546
511381,四川省,南充市,阆中市,district,106.005046,31.558356
511302,四川省,南充市,顺庆区,district,106.092327,30.797366
511323,四川省,南充市,蓬安县,district,106.412156,31.028537
511324,四川省,南充市,仪陇县,district,106.303082,31.271693
511303,四川省,南充市,高坪区,district,106.118931,30.781284
511900,四川省,巴中市,,city,106.747548,31.867853
511902,四川省,巴中市,巴州区,district,106.76887,31.851458
511922,四川省,巴中市,南江县,district,106.828697,32.346589
511923,四川省,巴中市,平昌县,district,107.103613,31.560436
511921,四川省,巴中市,通江县,district,107.245033,31.911705
511903,四川省,巴中市,恩阳区,district,106.634651,31.796476
510600,四川省,德阳市,,city,104.397795,31.127449
510623,四川省,德阳市,中江县,district,104.678601,31.03327
510682,四川省,德阳市,什邡市,district,104.167345,31.12655
510604,四川省,德阳市,罗江区,district,104.510457,31.317388
510683,四川省,德阳市,绵竹市,district,104.220679,31.339251
510603,四川省,德阳市,旌阳区,district,104.417061,31.143335
510681,四川省,德阳市,广汉市,district,104.282204,30.977264
510700,四川省,绵阳市,,city,104.679127,31.467673
510781,四川省,绵阳市,江油市,district,104.74564,31.778572
510725,四川省,绵阳市,梓潼县,district,105.170746,31.642635
510704,四川省,绵阳市,游仙区,district,104.766136,31.473788
510722,四川省,绵阳市,三台县,district,105.093722,31.095826
510703,四川省,绵阳市,涪城区,district,104.756917,31.455192
510727,四川省,绵阳市,平武县,district,104.555481,32.409684
510726,四川省,绵阳市,北川羌族自治县,district,104.468163,31.617192
510723,四川省,绵阳市,盐亭县,district,105.389453,31.208362
510705,四川省,绵阳市,安州区,district,104.567543,31.534319
510100,四川省,成都市,,city,104.066301,30.572961
510182,四川省,成都市,彭州市,district,103.957706,30.990463
510185,四川省,成都市,简阳市,district,104.547644,30.410937
510131,四川省,成都市,蒲江县,district,103.506478,30.197558
510106,四川省,成都市,金牛区,district,104.052236,30.691359
510105,四川省,成都市,青羊区,district,104.062415,30.674583
510129,四川省,成都市,大邑县,district,103.51226,30.573004
510184,四川省,成都市,崇州市,district,103.673025,30.630183
510104,四川省,成都市,锦江区,district,104.117262,30.598726
510121,四川省,成都市,金堂县,district,104.411871,30.86203
510183,四川省,成都市,邛崃市,district,103.464176,30.41029
510118,四川省,成都市,新津区,district,103.810906,30.410404
510181,四川省,成都市,都江堰市,district,103.647193,30.988763
510117,四川省,成都市,郫都区,district,103.900486,30.795113
510116,四川省,成都市,双流区,district,103.92342,30.574884
510112,四川省,成都市,龙泉驿区,district,104.27536,30.556808
510108,四川省,成都市,成华区,district,104.101452,30.659966
510107,四川省,成都市,武侯区,district,104.043246,30.641849
510113,四川省,成都市,青白江区,district,104.251342,30.8786
510114,四川省,成都市,新都区,district,104.158593,30.823568
510115,四川省,成都市,温江区,district,103.856423,30.681956
511600,四川省,广安市,,city,106.632647,30.456354
511623,四川省,广安市,邻水县,district,106.930242,30.334911
511602,四川省,广安市,广安区,district,106.641628,30.473943
511622,四川省,广安市,武胜县,district,106.295945,30.349493
511603,四川省,广安市,前锋区,district,106.886039,30.496059
511681,四川省,广安市,华蓥市,district,106.783151,30.390439
511621,四川省,广安市,岳池县,district,106.440056,30.538656
511700,四川省,达州市,,city,107.46778,31.209278
511724,四川省,达州市,大竹县,district,107.204702,30.736222
511703,四川省,达州市,达川区,district,107.511736,31.196573
511702,四川省,达州市,通川区,district,107.505053,31.214665
511781,四川省,达州市,万源市,district,108.034393,32.081698
511723,四川省,达州市,开江县,district,107.868609,31.082945
511722,四川省,达州市,宣汉县,district,107.727198,31.353845
511725,四川省,达州市,渠县,district,106.973114,30.836504
510900,四川省,遂宁市,,city,105.592602,30.53268
510923,四川省,遂宁市,大英县,district,105.236852,30.594472
510981,四川省,遂宁市,射洪市,district,105.388366,30.871079
510921,四川省,遂宁市,蓬溪县,district,105.707498,30.75763
510904,四川省,遂宁市,安居区,district,105.45636,30.355091
510903,四川省,遂宁市,船山区,district,105.568359,30.526201
512000,四川省,资阳市,,city,104.627265,30.129236
512022,四川省,资阳市,乐至县,district,105.019823,30.275418
512021,四川省,资阳市,安岳县,district,105.35551,30.103623
512002,四川省,资阳市,雁江区,district,104.676814,30.107778
511400,四川省,眉山市,,city,103.848417,30.077113
511421,四川省,眉山市,仁寿县,district,104.133931,29.995638
511424,四川省,眉山市,丹棱县,district,103.512859,30.014398
511423,四川省,眉山市,洪雅县,district,103.365035,29.915828
511403,四川省,眉山市,彭山区,district,103.872852,30.193278
511402,四川省,眉山市,东坡区,district,103.831868,30.041956
511425,四川省,眉山市,青神县,district,103.846596,29.831302
511000,四川省,内江市,,city,105.057992,29.58021
511025,四川省,内江市,资中县,district,104.851874,29.763419
511024,四川省,内江市,威远县,district,104.669032,29.527456
511011,四川省,内江市,东兴区,district,105.076107,29.593528
511083,四川省,内江市,隆昌市,district,105.287507,29.339408
511002,四川省,内江市,市中区,district,105.06759,29.587091
511100,四川省,乐山市,,city,103.766085,29.552275
511126,四川省,乐山市,夹江县,district,103.571313,29.738143
511111,四川省,乐山市,沙湾区,district,103.550118,29.412404
511113,四川省,乐山市,金口河区,district,103.078597,29.244345
511112,四川省,乐山市,五通桥区,district,103.818024,29.406837
511124,四川省,乐山市,井研县,district,104.06968,29.65165
511123,四川省,乐山市,犍为县,district,103.949231,29.208118
511132,四川省,乐山市,峨边彝族自治县,district,103.262048,29.230426
511129,四川省,乐山市,沐川县,district,103.902691,28.956394
511133,四川省,乐山市,马边彝族自治县,district,103.546347,28.83552
511102,四川省,乐山市,市中区,district,103.761329,29.555374
511181,四川省,乐山市,峨眉山市,district,103.484557,29.601189
510300,四川省,自贡市,,city,104.779307,29.33924
510321,四川省,自贡市,荣县,district,104.417438,29.445461
510322,四川省,自贡市,富顺县,district,104.975193,29.181779
510311,四川省,自贡市,沿滩区,district,104.873826,29.27208
510304,四川省,自贡市,大安区,district,104.773982,29.36371
510302,四川省,自贡市,自流井区,district,104.777182,29.337295
510303,四川省,自贡市,贡井区,district,104.704179,29.333764
510500,四川省,泸州市,,city,105.441866,28.87098
510521,四川省,泸州市,泸县,district,105.381879,29.1516
510504,四川省,泸州市,龙马潭区,district,105.437751,28.913257
510503,四川省,泸州市,纳溪区,district,105.371324,28.772888
510524,四川省,泸州市,叙永县,district,105.444777,28.155631
510525,四川省,泸州市,古蔺县,district,105.812694,28.038763
510502,四川省,泸州市,江阳区,district,105.434982,28.87881
510522,四川省,泸州市,合江县,district,105.831011,28.811278
511500,四川省,宜宾市,,city,104.642826,28.752354
511524,四川省,宜宾市,长宁县,district,104.920643,28.582866
511503,四川省,宜宾市,南溪区,district,104.969147,28.846366
511526,四川省,宜宾市,珙县,district,104.708986,28.439514
511528,四川省,宜宾市,兴文县,district,105.236207,28.303669
511523,四川省,宜宾市,江安县,district,105.066982,28.723797
511527,四川省,宜宾市,筠连县,district,104.511159,28.167981
511502,四川省,宜宾市,翠屏区,district,104.619853,28.766537
511529,四川省,宜宾市,屏山县,district,104.346138,28.82867
511525,四川省,宜宾市,高县,district,104.517748,28.436166
511504,四川省,宜宾市,叙州区,district,104.533244,28.690068
513400,四川省,凉山彝族自治州,,city,102.267713,27.881396
513422,四川省,凉山彝族自治州,木里藏族自治县,district,101.280216,27.928736
513435,四川省,凉山彝族自治州,甘洛县,district,102.771441,28.959131
513436,四川省,凉山彝族自治州,美姑县,district,103.132359,28.328591
513434,四川省,凉山彝族自治州,越西县,district,102.507467,28.639874
513423,四川省,凉山彝族自治州,盐源县,district,101.509038,27.422593
513437,四川省,凉山彝族自治州,雷波县,district,103.571705,28.263202
513433,四川省,凉山彝族自治州,冕宁县,district,102.176622,28.550145
513430,四川省,凉山彝族自治州,金阳县,district,103.248786,27.696735
513429,四川省,凉山彝族自治州,布拖县,district,102.809157,27.7121
513428,四川省,凉山彝族自治州,普格县,district,102.540901,27.376413
513402,四川省,凉山彝族自治州,会理市,district,102.244774,26.655047
513424,四川省,凉山彝族自治州,德昌县,district,102.175661,27.402832
513401,四川省,凉山彝族自治州,西昌市,district,102.264166,27.89441
513431,四川省,凉山彝族自治州,昭觉县,district,102.839849,28.015301
513426,四川省,凉山彝族自治州,会东县,district,102.577979,26.634744
513432,四川省,凉山彝族自治州,喜德县,district,102.412451,28.306429
513427,四川省,凉山彝族自治州,宁南县,district,102.751587,27.061431
510400,四川省,攀枝花市,,city,101.729116,26.558645
510421,四川省,攀枝花市,米易县,district,102.111073,26.896372
510422,四川省,攀枝花市,盐边县,district,101.854027,26.682611
510411,四川省,攀枝花市,仁和区,district,101.738615,26.497796
510402,四川省,攀枝花市,东区,district,101.700445,26.549403
510403,四川省,攀枝花市,西区,district,101.630557,26.5977
513300,四川省,甘孜藏族自治州,,city,101.96231,30.04952
513332,四川省,甘孜藏族自治州,石渠县,district,98.102938,32.978728
513328,四川省,甘孜藏族自治州,甘孜县,district,99.991683,31.622731
513330,四川省,甘孜藏族自治州,德格县,district,98.580914,31.806118
513327,四川省,甘孜藏族自治州,炉霍县,district,100.676014,31.390657
513329,四川省,甘孜藏族自治州,新龙县,district,100.311569,30.93917
513331,四川省,甘孜藏族自治州,白玉县,district,98.824025,31.209669
513326,四川省,甘孜藏族自治州,道孚县,district,101.125157,30.979486
513334,四川省,甘孜藏族自治州,理塘县,district,100.269145,29.994228
513301,四川省,甘孜藏族自治州,康定市,district,101.95687,29.998544
513335,四川省,甘孜藏族自治州,巴塘县,district,99.110555,30.00533
513325,四川省,甘孜藏族自治州,雅江县,district,101.014366,30.031498
513337,四川省,甘孜藏族自治州,稻城县,district,100.297369,29.03791
513336,四川省,甘孜藏族自治州,乡城县,district,99.798116,28.931081
513324,四川省,甘孜藏族自治州,九龙县,district,101.507294,29.000347
513338,四川省,甘孜藏族自治州,得荣县,district,99.286366,28.713085
513323,四川省,甘孜藏族自治州,丹巴县,district,101.89054,30.878618
513322,四川省,甘孜藏族自治州,泸定县,district,102.234814,29.914103
513333,四川省,甘孜藏族自治州,色达县,district,100.333011,32.268541
511800,四川省,雅安市,,city,103.041538,30.009998
511802,四川省,雅安市,雨城区,district,103.032868,30.005718
511822,四川省,雅安市,荥经县,district,102.846537,29.793254
511824,四川省,雅安市,石棉县,district,102.358364,29.230963
511823,四川省,雅安市,汉源县,district,102.650417,29.344275
511803,四川省,雅安市,名山区,district,103.109238,30.069837
511825,四川省,雅安市,天全县,district,102.771745,30.05728
511826,四川省,雅安市,芦山县,district,102.933618,30.145077
511827,四川省,雅安市,宝兴县,district,102.824826,30.252469
513200,四川省,阿坝藏族羌族自治州,,city,102.224504,31.899427
513225,四川省,阿坝藏族羌族自治州,九寨沟县,district,104.2426,33.252008
513231,四川省,阿坝藏族羌族自治州,阿坝县,district,101.706548,32.902387
513233,四川省,阿坝藏族羌族自治州,红原县,district,102.544395,32.790841
513228,四川省,阿坝藏族羌族自治州,黑水县,district,102.987592,32.069268
513201,四川省,阿坝藏族羌族自治州,马尔康市,district,102.206386,31.905799
513226,四川省,阿坝藏族羌族自治州,金川县,district,102.063821,31.47625
513222,四川省,阿坝藏族羌族自治州,理县,district,103.163284,31.435831
513224,四川省,阿坝藏族羌族自治州,松潘县,district,103.60428,32.655685
513227,四川省,阿坝藏族羌族自治州,小金县,district,102.362984,30.995823
513221,四川省,阿坝藏族羌族自治州,汶川县,district,103.590185,31.476875
513223,四川省,阿坝藏族羌族自治州,茂县,district,103.85332,31.681727
513232,四川省,阿坝藏族羌族自治州,若尔盖县,district,102.96738,33.578503
513230,四川省,阿坝藏族羌族自治州,壤塘县,district,100.978526,32.265796
120000,天津市,,,province,117.201509,39.085318
120100,天津市,天津城区,,city,117.190182,39.125596
120115,天津市,天津城区,宝坻区,district,117.309748,39.717054
120118,天津市,天津城区,静海区,district,116.975474,38.947772
120119,天津市,天津城区,蓟州区,district,117.408432,40.046544
120117,天津市,天津城区,宁河区,district,117.826674,39.329749
120101,天津市,天津城区,和平区,district,117.214713,39.116884
120114,天津市,天津城区,武清区,district,117.04456,39.384108
120104,天津市,天津城区,南开区,district,117.150638,39.138551
120103,天津市,天津城区,河西区,district,117.223379,39.109679
120112,天津市,天津城区,津南区,district,117.356683,38.936971
120113,天津市,天津城区,北辰区,district,117.135614,39.224638
120106,天津市,天津城区,红桥区,district,117.151566,39.167349
120102,天津市,天津城区,河东区,district,117.251584,39.128294
120111,天津市,天津城区,西青区,district,117.008994,39.141811
120116,天津市,天津城区,滨海新区,district,117.69641,39.017809
120105,天津市,天津城区,河北区,district,117.196874,39.148018
120110,天津市,天津城区,东丽区,district,117.313567,39.086789
140000,山西省,,,province,112.578781,37.813948
140300,山西省,阳泉市,,city,113.580426,37.857094
140322,山西省,阳泉市,盂县,district,113.412279,38.086041
140311,山西省,阳泉市,郊区,district,113.593998,37.943703
140321,山西省,阳泉市,平定县,district,113.629777,37.804986
140303,山西省,阳泉市,矿区,district,113.555279,37.868494
140302,山西省,阳泉市,城区,district,113.600694,37.847457
140200,山西省,大同市,,city,113.366749,40.09711
140225,山西省,大同市,浑源县,district,113.69183,39.706485
140223,山西省,大同市,广灵县,district,114.282703,39.760404
140215,山西省,大同市,云州区,district,113.612496,40.040156
140226,山西省,大同市,左云县,district,112.703008,40.013442
140213,山西省,大同市,平城区,district,113.300179,40.076991
140212,山西省,大同市,新荣区,district,113.139628,40.256355
140214,山西省,大同市,云冈区,district,113.150035,40.005844
140224,山西省,大同市,灵丘县,district,114.234452,39.442459
140222,山西省,大同市,天镇县,district,114.090871,40.42087
140221,山西省,大同市,阳高县,district,113.748944,40.361059
141100,山西省,吕梁市,,city,111.14454,37.518996
141128,山西省,吕梁市,方山县,district,111.244309,37.895017
141129,山西省,吕梁市,中阳县,district,111.178841,37.357816
141127,山西省,吕梁市,岚县,district,111.672156,38.279587
141126,山西省,吕梁市,石楼县,district,110.834712,36.998461
141125,山西省,吕梁市,柳林县,district,110.888993,37.429816
141122,山西省,吕梁市,交城县,district,112.155857,37.55169
141121,山西省,吕梁市,文水县,district,112.028866,37.438101
141124,山西省,吕梁市,临县,district,110.992712,37.951008
141102,山西省,吕梁市,离石区,district,111.150325,37.517797
141123,山西省,吕梁市,兴县,district,111.127486,38.461818
141130,山西省,吕梁市,交口县,district,111.181241,36.982205
141181,山西省,吕梁市,孝义市,district,111.778935,37.146051
141182,山西省,吕梁市,汾阳市,district,111.770834,37.261493
140800,山西省,运城市,,city,111.007051,35.02667
140823,山西省,运城市,闻喜县,district,111.224485,35.356664
140821,山西省,运城市,临猗县,district,110.774553,35.144406
140822,山西省,运城市,万荣县,district,110.837957,35.415805
140828,山西省,运城市,夏县,district,111.219946,35.140733
140802,山西省,运城市,盐湖区,district,110.998135,35.015549
140827,山西省,运城市,垣曲县,district,111.670215,35.298297
140824,山西省,运城市,稷山县,district,110.983273,35.604515
140881,山西省,运城市,永济市,district,110.447771,34.866499
140826,山西省,运城市,绛县,district,111.568849,35.491764
140825,山西省,运城市,新绛县,district,111.224767,35.616007
140882,山西省,运城市,河津市,district,110.712032,35.596357
140829,山西省,运城市,平陆县,district,111.193957,34.829595
140830,山西省,运城市,芮城县,district,110.694418,34.694173
140500,山西省,晋城市,,city,112.852022,35.491315
140525,山西省,晋城市,泽州县,district,112.954123,35.543499
140502,山西省,晋城市,城区,district,112.853452,35.50248
140581,山西省,晋城市,高平市,district,112.923798,35.798775
140524,山西省,晋城市,陵川县,district,113.280755,35.775239
140522,山西省,晋城市,阳城县,district,112.414798,35.486275
140521,山西省,晋城市,沁水县,district,112.186726,35.690119
140400,山西省,长治市,,city,113.117394,36.195142
140428,山西省,长治市,长子县,district,112.877922,36.122258
140403,山西省,长治市,潞州区,district,113.122725,36.203305
140430,山西省,长治市,沁县,district,112.699176,36.756152
140423,山西省,长治市,襄垣县,district,113.051298,36.535629
140405,山西省,长治市,屯留区,district,112.892301,36.3162
140406,山西省,长治市,潞城区,district,113.228897,36.334597
140426,山西省,长治市,黎城县,district,113.387025,36.502258
140431,山西省,长治市,沁源县,district,112.337726,36.499989
140425,山西省,长治市,平顺县,district,113.435859,36.20037
140427,山西省,长治市,壶关县,district,113.206836,36.115645
140404,山西省,长治市,上党区,district,113.051416,36.053104
140429,山西省,长治市,武乡县,district,112.86396,36.837865
140600,山西省,朔州市,,city,112.432906,39.331734
140623,山西省,朔州市,右玉县,district,112.466926,39.989198
140602,山西省,朔州市,朔城区,district,112.432071,39.320196
140603,山西省,朔州市,平鲁区,district,112.28827,39.512219
140621,山西省,朔州市,山阴县,district,112.816421,39.527445
140622,山西省,朔州市,应县,district,113.190952,39.554471
140681,山西省,朔州市,怀仁市,district,113.133061,39.820522
140900,山西省,忻州市,,city,112.734149,38.415958
140928,山西省,忻州市,五寨县,district,111.846808,38.91111
140925,山西省,忻州市,宁武县,district,112.304734,39.001498
140926,山西省,忻州市,静乐县,district,111.939498,38.359306
140929,山西省,忻州市,岢岚县,district,111.572964,38.703989
140927,山西省,忻州市,神池县,district,112.210997,39.091079
140930,山西省,忻州市,河曲县,district,111.138247,39.38452
140981,山西省,忻州市,原平市,district,112.711025,38.731412
140923,山西省,忻州市,代县,district,112.960102,39.066831
140921,山西省,忻州市,定襄县,district,112.957234,38.471725
140931,山西省,忻州市,保德县,district,111.085944,39.022616
140932,山西省,忻州市,偏关县,district,111.508922,39.436917
140902,山西省,忻州市,忻府区,district,112.746357,38.403498
140922,山西省,忻州市,五台县,district,113.255419,38.728056
140924,山西省,忻州市,繁峙县,district,113.265464,39.188835
141000,山西省,临汾市,,city,111.51931,36.088581
141031,山西省,临汾市,隰县,district,110.940752,36.693345
141025,山西省,临汾市,古县,district,111.92031,36.266767
141032,山西省,临汾市,永和县,district,110.631981,36.759524
141033,山西省,临汾市,蒲县,district,111.096457,36.41183
141027,山西省,临汾市,浮山县,district,111.848883,35.968124
141022,山西省,临汾市,翼城县,district,111.719048,35.739706
141023,山西省,临汾市,襄汾县,district,111.441725,35.876293
141026,山西省,临汾市,安泽县,district,112.250242,36.147921
141021,山西省,临汾市,曲沃县,district,111.475783,35.641883
141081,山西省,临汾市,侯马市,district,111.372002,35.619105
141082,山西省,临汾市,霍州市,district,111.755111,36.569046
141030,山西省,临汾市,大宁县,district,110.752914,36.465126
141028,山西省,临汾市,吉县,district,110.680513,36.096833
141029,山西省,临汾市,乡宁县,district,110.846585,35.970834
141002,山西省,临汾市,尧都区,district,111.578797,36.082463
141024,山西省,临汾市,洪洞县,district,111.67571,36.254087
141034,山西省,临汾市,汾西县,district,111.563993,36.652833
140100,山西省,太原市,,city,112.549656,37.870451
140123,山西省,太原市,娄烦县,district,111.79715,38.067569
140181,山西省,太原市,古交市,district,112.175034,37.907414
140121,山西省,太原市,清徐县,district,112.359367,37.608751
140107,山西省,太原市,杏花岭区,district,112.570412,37.894241
140108,山西省,太原市,尖草坪区,district,112.486141,37.940052
140106,山西省,太原市,迎泽区,district,112.563373,37.863308
140122,山西省,太原市,阳曲县,district,112.67292,38.058511
140105,山西省,太原市,小店区,district,112.565524,37.736865
140109,山西省,太原市,万柏林区,district,112.515638,37.859738
140110,山西省,太原市,晋源区,district,112.477869,37.715519
140700,山西省,晋中市,,city,112.752633,37.688006
140725,山西省,晋中市,寿阳县,district,113.176373,37.895191
140723,山西省,晋中市,和顺县,district,113.570295,37.329696
140722,山西省,晋中市,左权县,district,113.379412,37.082746
140703,山西省,晋中市,太谷区,district,112.551297,37.421392
140727,山西省,晋中市,祁县,district,112.335226,37.358425
140728,山西省,晋中市,平遥县,district,112.175825,37.189614
140729,山西省,晋中市,灵石县,district,111.778692,36.848085
140781,山西省,晋中市,介休市,district,111.916451,37.027538
140724,山西省,晋中市,昔阳县,district,113.707151,37.612577
140702,山西省,晋中市,榆次区,district,112.707564,37.698637
140721,山西省,晋中市,榆社县,district,112.975378,37.071209
610000,陕西省,,,province,108.953939,34.266611
611000,陕西省,商洛市,,city,109.918646,33.873358
611023,陕西省,商洛市,商南县,district,110.881741,33.531071
611026,陕西省,商洛市,柞水县,district,109.114006,33.686048
611021,陕西省,商洛市,洛南县,district,110.148526,34.090815
611022,陕西省,商洛市,丹凤县,district,110.327542,33.696254
611002,陕西省,商洛市,商州区,district,109.941452,33.862979
611025,陕西省,商洛市,镇安县,district,109.152833,33.423764
611024,陕西省,商洛市,山阳县,district,109.882289,33.532172
610700,陕西省,汉中市,,city,107.02319,33.066373
610727,陕西省,汉中市,略阳县,district,106.15658,33.327293
610726,陕西省,汉中市,宁强县,district,106.257636,32.830032
610729,陕西省,汉中市,留坝县,district,106.920781,33.617637
610725,陕西省,汉中市,勉县,district,106.673217,33.153636
610722,陕西省,汉中市,城固县,district,107.333787,33.156937
610703,陕西省,汉中市,南郑区,district,106.936235,33.000034
610702,陕西省,汉中市,汉台区,district,107.03201,33.067523
610724,陕西省,汉中市,西乡县,district,107.766477,32.983282
610728,陕西省,汉中市,镇巴县,district,107.895015,32.536706
610730,陕西省,汉中市,佛坪县,district,107.990551,33.524261
610723,陕西省,汉中市,洋县,district,107.545678,33.222808
610100,陕西省,西安市,,city,108.939645,34.343207
610114,陕西省,西安市,阎良区,district,109.226124,34.662232
610116,陕西省,西安市,长安区,district,108.906944,34.158668
610111,陕西省,西安市,灞桥区,district,109.064675,34.273111
610102,陕西省,西安市,新城区,district,108.960707,34.266601
610113,陕西省,西安市,雁塔区,district,108.948592,34.222517
610122,陕西省,西安市,蓝田县,district,109.323473,34.151256
610112,陕西省,西安市,未央区,district,108.946665,34.293109
610103,陕西省,西安市,碑林区,district,108.940681,34.256727
610118,陕西省,西安市,鄠邑区,district,108.604772,34.108707
610124,陕西省,西安市,周至县,district,108.222219,34.163592
610104,陕西省,西安市,莲湖区,district,108.944161,34.26535
610115,陕西省,西安市,临潼区,district,109.214249,34.367181
610117,陕西省,西安市,高陵区,district,109.088269,34.53502
610800,陕西省,榆林市,,city,109.734104,38.28576
610827,陕西省,榆林市,米脂县,district,110.183984,37.755134
610802,陕西省,榆林市,榆阳区,district,109.72054,38.277078
610881,陕西省,榆林市,神木市,district,110.466867,38.899742
610828,陕西省,榆林市,佳县,district,110.491345,38.01951
610829,陕西省,榆林市,吴堡县,district,110.739726,37.452179
610825,陕西省,榆林市,定边县,district,107.601048,37.594976
610824,陕西省,榆林市,靖边县,district,108.794153,37.600351
610831,陕西省,榆林市,子洲县,district,110.035124,37.610554
610803,陕西省,榆林市,横山区,district,109.294144,37.962477
610822,陕西省,榆林市,府谷县,district,111.016431,39.015658
610830,陕西省,榆林市,清涧县,district,110.121181,37.088921
610826,陕西省,榆林市,绥德县,district,110.263226,37.502984
610400,陕西省,咸阳市,,city,108.708837,34.329896
610428,陕西省,咸阳市,长武县,district,107.79906,35.206273
610430,陕西省,咸阳市,淳化县,district,108.580164,34.798596
610424,陕西省,咸阳市,乾县,district,108.239316,34.528262
610482,陕西省,咸阳市,彬州市,district,108.081892,35.035702
610422,陕西省,咸阳市,三原县,district,108.940754,34.617282
610481,陕西省,咸阳市,兴平市,district,108.490497,34.299199
610403,陕西省,咸阳市,杨陵区,district,108.084661,34.272084
610425,陕西省,咸阳市,礼泉县,district,108.424682,34.481875
610423,陕西省,咸阳市,泾阳县,district,108.843029,34.526557
610426,陕西省,咸阳市,永寿县,district,108.142197,34.69188
610404,陕西省,咸阳市,渭城区,district,108.737062,34.36202
610431,陕西省,咸阳市,武功县,district,108.200275,34.261026
610429,陕西省,咸阳市,旬邑县,district,108.333815,35.111787
610402,陕西省,咸阳市,秦都区,district,108.706347,34.329478
610300,陕西省,宝鸡市,,city,107.237682,34.362862
610303,陕西省,宝鸡市,金台区,district,107.232733,34.397071
610302,陕西省,宝鸡市,渭滨区,district,107.155344,34.355068
610327,陕西省,宝鸡市,陇县,district,106.864404,34.892985
610331,陕西省,宝鸡市,太白县,district,107.318932,34.058299
610326,陕西省,宝鸡市,眉县,district,107.750039,34.274774
610330,陕西省,宝鸡市,凤县,district,106.515841,33.910797
610324,陕西省,宝鸡市,扶风县,district,107.900157,34.375636
610328,陕西省,宝鸡市,千阳县,district,107.132421,34.642374
610329,陕西省,宝鸡市,麟游县,district,107.793524,34.677902
610323,陕西省,宝鸡市,岐山县,district,107.621397,34.44373
610304,陕西省,宝鸡市,陈仓区,district,107.368993,34.35073
610305,陕西省,宝鸡市,凤翔区,district,107.401029,34.522167
610900,陕西省,安康市,,city,109.029017,32.685435
610924,陕西省,安康市,紫阳县,district,108.534291,32.520209
610929,陕西省,安康市,白河县,district,110.112608,32.80901
610981,陕西省,安康市,旬阳市,district,109.361783,32.832213
610926,陕西省,安康市,平利县,district,109.361919,32.389061
610927,陕西省,安康市,镇坪县,district,109.526873,31.883672
610922,陕西省,安康市,石泉县,district,108.248061,33.03805
610921,陕西省,安康市,汉阴县,district,108.508792,32.893057
610923,陕西省,安康市,宁陕县,district,108.314299,33.310284
610925,陕西省,安康市,岚皋县,district,108.902049,32.307001
610902,陕西省,安康市,汉滨区,district,109.026928,32.695436
610600,陕西省,延安市,,city,109.49468,36.650109
610621,陕西省,延安市,延长县,district,110.012455,36.579354
610626,陕西省,延安市,吴起县,district,108.176501,36.92746
610602,陕西省,延安市,宝塔区,district,109.489726,36.585138
610627,陕西省,延安市,甘泉县,district,109.351046,36.276645
610603,陕西省,延安市,安塞区,district,109.329236,36.864571
610622,陕西省,延安市,延川县,district,110.193503,36.878324
610681,陕西省,延安市,子长市,district,109.675284,37.142462
610625,陕西省,延安市,志丹县,district,108.767816,36.822232
610630,陕西省,延安市,宜川县,district,110.168963,36.050178
610631,陕西省,延安市,黄龙县,district,109.84029,35.584655
610629,陕西省,延安市,洛川县,district,109.43249,35.762626
610632,陕西省,延安市,黄陵县,district,109.262919,35.579421
610628,陕西省,延安市,富县,district,109.37884,35.988111
610200,陕西省,铜川市,,city,108.945116,34.897133
610203,陕西省,铜川市,印台区,district,109.099848,35.11454
610202,陕西省,铜川市,王益区,district,109.075615,35.068925
610222,陕西省,铜川市,宜君县,district,109.117063,35.398624
610204,陕西省,铜川市,耀州区,district,108.980095,34.909685
610500,陕西省,渭南市,,city,109.470962,34.520632
610527,陕西省,渭南市,白水县,district,109.590501,35.177497
610525,陕西省,渭南市,澄城县,district,109.932439,35.190256
610503,陕西省,渭南市,华州区,district,109.775765,34.497019
610582,陕西省,渭南市,华阴市,district,110.092286,34.566552
610502,陕西省,渭南市,临渭区,district,109.510051,34.498902
610528,陕西省,渭南市,富平县,district,109.179903,34.751599
610526,陕西省,渭南市,蒲城县,district,109.586263,34.955755
610581,陕西省,渭南市,韩城市,district,110.44295,35.477145
610524,陕西省,渭南市,合阳县,district,110.149412,35.237881
610523,陕西省,渭南市,大荔县,district,109.941784,34.797073
610522,陕西省,渭南市,潼关县,district,110.246105,34.544294
110000,北京市,,,province,116.407387,39.904179
110100,北京市,北京城区,,city,116.405285,39.904989
110116,北京市,北京城区,怀柔区,district,116.631974,40.317003
110109,北京市,北京城区,门头沟区,district,116.101668,39.940842
110111,北京市,北京城区,房山区,district,116.143426,39.748889
110117,北京市,北京城区,平谷区,district,117.121589,40.140805
110107,北京市,北京城区,石景山区,district,116.223015,39.906304
110108,北京市,北京城区,海淀区,district,116.2977,39.959893
110118,北京市,北京城区,密云区,district,116.843351,40.377058
110119,北京市,北京城区,延庆区,district,115.974609,40.457033
110105,北京市,北京城区,朝阳区,district,116.443136,39.921444
110113,北京市,北京城区,顺义区,district,116.661474,40.149891
110114,北京市,北京城区,昌平区,district,116.231034,40.220952
110102,北京市,北京城区,西城区,district,116.36585,39.9126
110115,北京市,北京城区,大兴区,district,116.341483,39.726917
110112,北京市,北京城区,通州区,district,116.664264,39.909698
110101,北京市,北京城区,东城区,district,116.416334,39.928359
110106,北京市,北京城区,丰台区,district,116.286726,39.858538
360000,江西省,,,province,115.816587,28.637234
360500,江西省,新余市,,city,114.916665,27.818553
360521,江西省,新余市,分宜县,district,114.69264,27.814723
360502,江西省,新余市,渝水区,district,114.944499,27.799526
360800,江西省,吉安市,,city,114.96681,27.091243
360830,江西省,吉安市,永新县,district,114.242425,26.945157
360881,江西省,吉安市,井冈山市,district,114.289563,26.748132
360826,江西省,吉安市,泰和县,district,114.922987,26.801687
360827,江西省,吉安市,遂川县,district,114.520825,26.313413
360828,江西省,吉安市,万安县,district,114.759746,26.456821
360829,江西省,吉安市,安福县,district,114.619818,27.393286
360802,江西省,吉安市,吉州区,district,114.994991,27.144204
360803,江西省,吉安市,青原区,district,115.014836,27.082012
360821,江西省,吉安市,吉安县,district,114.908337,27.039866
360822,江西省,吉安市,吉水县,district,115.135963,27.229697
360823,江西省,吉安市,峡江县,district,115.316567,27.5829
360825,江西省,吉安市,永丰县,district,115.421599,27.317301
360824,江西省,吉安市,新干县,district,115.386853,27.740368
361000,江西省,抚州市,,city,116.358054,27.948979
361026,江西省,抚州市,宜黄县,district,116.236174,27.554744
361025,江西省,抚州市,乐安县,district,115.83099,27.428682
361024,江西省,抚州市,崇仁县,district,116.076363,27.754416
361030,江西省,抚州市,广昌县,district,116.336556,26.843974
361021,江西省,抚州市,南城县,district,116.637228,27.570031
361022,江西省,抚州市,黎川县,district,116.907446,27.282729
361023,江西省,抚州市,南丰县,district,116.525898,27.21845
361002,江西省,抚州市,临川区,district,116.311932,27.935098
361028,江西省,抚州市,资溪县,district,117.060332,27.706088
361027,江西省,抚州市,金溪县,district,116.755018,27.91973
361003,江西省,抚州市,东乡区,district,116.603159,28.249059
360600,江西省,鹰潭市,,city,117.039532,28.272092
360602,江西省,鹰潭市,月湖区,district,117.10247,28.266999
360603,江西省,鹰潭市,余江区,district,116.854576,28.199657
360681,江西省,鹰潭市,贵溪市,district,117.245178,28.292397
360900,江西省,宜春市,,city,114.416826,27.816245
360902,江西省,宜春市,袁州区,district,114.42794,27.796344
360922,江西省,宜春市,万载县,district,114.445477,28.106201
360924,江西省,宜春市,宜丰县,district,114.803036,28.394466
360923,江西省,宜春市,上高县,district,114.948045,28.238591
360982,江西省,宜春市,樟树市,district,115.546174,28.054632
360926,江西省,宜春市,铜鼓县,district,114.354623,28.513291
360921,江西省,宜春市,奉新县,district,115.400624,28.688254
360925,江西省,宜春市,靖安县,district,115.362635,28.861296
360983,江西省,宜春市,高安市,district,115.366863,28.448054
360981,江西省,宜春市,丰城市,district,115.771131,28.160053
360300,江西省,萍乡市,,city,113.887147,27.658721
360322,江西省,萍乡市,上栗县,district,113.795294,27.880221
360302,江西省,萍乡市,安源区,district,113.87072,27.615
360313,江西省,萍乡市,湘东区,district,113.733047,27.640075
360321,江西省,萍乡市,莲花县,district,113.961589,27.128498
360323,江西省,萍乡市,芦溪县,district,114.029351,27.631273
360200,江西省,景德镇市,,city,117.184892,29.2744
360281,江西省,景德镇市,乐平市,district,117.151499,28.978521
360203,江西省,景德镇市,珠山区,district,117.271365,29.305191
360202,江西省,景德镇市,昌江区,district,117.182648,29.273683
360222,江西省,景德镇市,浮梁县,district,117.214984,29.352493
360400,江西省,九江市,,city,115.95356,29.66116
360402,江西省,九江市,濂溪区,district,115.992735,29.668008
360482,江西省,九江市,共青城市,district,115.784269,29.235082
360404,江西省,九江市,柴桑区,district,115.911005,29.608775
360423,江西省,九江市,武宁县,district,115.092649,29.246785
360424,江西省,九江市,修水县,district,114.546536,29.026166
360426,江西省,九江市,德安县,district,115.767114,29.298599
360481,江西省,九江市,瑞昌市,district,115.681221,29.676026
360483,江西省,九江市,庐山市,district,116.045118,29.448225
360428,江西省,九江市,都昌县,district,116.203999,29.273803
360425,江西省,九江市,永修县,district,115.83207,29.011392
360403,江西省,九江市,浔阳区,district,116.001677,29.70547
360429,江西省,九江市,湖口县,district,116.252206,29.731194
360430,江西省,九江市,彭泽县,district,116.563858,29.877404
360100,江西省,南昌市,,city,115.857972,28.682976
360104,江西省,南昌市,青云谱区,district,115.925709,28.62182
360124,江西省,南昌市,进贤县,district,116.242468,28.377627
360113,江西省,南昌市,红谷滩区,district,115.858127,28.698188
360112,江西省,南昌市,新建区,district,115.815244,28.693192
360111,江西省,南昌市,青山湖区,district,115.962138,28.682867
360102,江西省,南昌市,东湖区,district,115.903576,28.698787
360103,江西省,南昌市,西湖区,district,115.876998,28.657005
360123,江西省,南昌市,安义县,district,115.549158,28.845585
360121,江西省,南昌市,南昌县,district,115.93349,28.557921
361100,江西省,上饶市,,city,117.943064,28.45513
361127,江西省,上饶市,余干县,district,116.695787,28.70283
361125,江西省,上饶市,横峰县,district,117.596433,28.407116
361103,江西省,上饶市,广丰区,district,118.189729,28.463697
361123,江西省,上饶市,玉山县,district,118.244736,28.681936
361129,江西省,上饶市,万年县,district,117.058445,28.694582
361126,江西省,上饶市,弋阳县,district,117.449346,28.378039
361181,江西省,上饶市,德兴市,district,117.594549,28.930557
361128,江西省,上饶市,鄱阳县,district,116.703731,29.005675
361130,江西省,上饶市,婺源县,district,117.861532,29.248491
361104,江西省,上饶市,广信区,district,117.907454,28.448893
361102,江西省,上饶市,信州区,district,117.965997,28.430694
361124,江西省,上饶市,铅山县,district,117.734742,28.298415
360700,江西省,赣州市,,city,114.933494,25.831139
360730,江西省,赣州市,宁都县,district,116.009171,26.470865
360731,江西省,赣州市,于都县,district,115.415145,25.952564
360781,江西省,赣州市,瑞金市,district,116.027114,25.88623
360725,江西省,赣州市,崇义县,district,114.308135,25.682278
360729,江西省,赣州市,全南县,district,114.530148,24.742353
360783,江西省,赣州市,龙南市,district,114.804474,24.901216
360733,江西省,赣州市,会昌县,district,115.809271,25.58734
360722,江西省,赣州市,信丰县,district,114.922485,25.38676
360724,江西省,赣州市,上犹县,district,114.55177,25.784754
360723,江西省,赣州市,大余县,district,114.362306,25.401968
360703,江西省,赣州市,南康区,district,114.765044,25.661369
360732,江西省,赣州市,兴国县,district,115.363475,26.338129
360704,江西省,赣州市,赣县区,district,115.021196,25.854496
360702,江西省,赣州市,章贡区,district,114.920426,25.818247
360728,江西省,赣州市,定南县,district,115.027908,24.783372
360726,江西省,赣州市,安远县,district,115.393992,25.136855
360735,江西省,赣州市,石城县,district,116.347611,26.31491
360734,江西省,赣州市,寻乌县,district,115.638534,24.969513
540000,西藏自治区,,,province,91.117449,29.648694
540300,西藏自治区,昌都市,,city,97.170425,31.142879
540321,西藏自治区,昌都市,江达县,district,98.218336,31.499176
540324,西藏自治区,昌都市,丁青县,district,95.619868,31.409024
540302,西藏自治区,昌都市,卡若区,district,97.196021,31.112087
540323,西藏自治区,昌都市,类乌齐县,district,96.599386,31.211378
540330,西藏自治区,昌都市,边坝县,district,94.7078,30.933652
540322,西藏自治区,昌都市,贡觉县,district,98.27097,30.860099
540325,西藏自治区,昌都市,察雅县,district,97.568752,30.653943
540327,西藏自治区,昌都市,左贡县,district,97.841176,29.671488
540328,西藏自治区,昌都市,芒康县,district,98.593493,29.679957
540329,西藏自治区,昌都市,洛隆县,district,95.825169,30.741988
540326,西藏自治区,昌都市,八宿县,district,96.917836,30.053209
540600,西藏自治区,那曲市,,city,92.05151,31.477905
540624,西藏自治区,那曲市,安多县,district,91.68195,32.265016
540623,西藏自治区,那曲市,聂荣县,district,92.303377,32.10775
540628,西藏自治区,那曲市,巴青县,district,94.053438,31.91847
540625,西藏自治区,那曲市,申扎县,district,88.709936,30.93045
540627,西藏自治区,那曲市,班戈县,district,90.009822,31.392157
540622,西藏自治区,那曲市,比如县,district,93.681302,31.477914
540626,西藏自治区,那曲市,索县,district,93.785068,31.888045
540602,西藏自治区,那曲市,色尼区,district,92.053498,31.469645
540621,西藏自治区,那曲市,嘉黎县,district,93.232347,30.641543
540629,西藏自治区,那曲市,尼玛县,district,87.236772,31.784701
540630,西藏自治区,那曲市,双湖县,district,88.838017,33.188355
540100,西藏自治区,拉萨市,,city,91.171924,29.653491
540122,西藏自治区,拉萨市,当雄县,district,91.101186,30.473134
540121,西藏自治区,拉萨市,林周县,district,91.265287,29.893545
540127,西藏自治区,拉萨市,墨竹工卡县,district,91.739134,29.850344
540103,西藏自治区,拉萨市,堆龙德庆区,district,91.002866,29.646815
540104,西藏自治区,拉萨市,达孜区,district,91.349503,29.670173
540123,西藏自治区,拉萨市,尼木县,district,90.16446,29.43202
540102,西藏自治区,拉萨市,城关区,district,91.140368,29.654813
540124,西藏自治区,拉萨市,曲水县,district,90.743355,29.354293
540200,西藏自治区,日喀则市,,city,88.880423,29.266838
540232,西藏自治区,日喀则市,仲巴县,district,84.03793,29.758021
540226,西藏自治区,日喀则市,昂仁县,district,87.227739,29.299444
540227,西藏自治区,日喀则市,谢通门县,district,88.255784,29.425455
540221,西藏自治区,日喀则市,南木林县,district,89.099243,29.682331
540236,西藏自治区,日喀则市,萨嘎县,district,85.232941,29.328818
540202,西藏自治区,日喀则市,桑珠孜区,district,88.898503,29.247726
540225,西藏自治区,日喀则市,拉孜县,district,87.636934,29.08188
540229,西藏自治区,日喀则市,仁布县,district,89.841983,29.230933
540224,西藏自治区,日喀则市,萨迦县,district,88.021674,28.899664
540228,西藏自治区,日喀则市,白朗县,district,89.261977,29.107688
540222,西藏自治区,日喀则市,江孜县,district,89.605654,28.91186
540235,西藏自治区,日喀则市,聂拉木县,district,85.982237,28.155186
540223,西藏自治区,日喀则市,定日县,district,87.12612,28.658743
540230,西藏自治区,日喀则市,康马县,district,89.681663,28.555627
540237,西藏自治区,日喀则市,岗巴县,district,88.515318,28.271189
540233,西藏自治区,日喀则市,亚东县,district,88.907136,27.486094
540231,西藏自治区,日喀则市,定结县,district,87.765872,28.364159
540234,西藏自治区,日喀则市,吉隆县,district,85.298109,28.856542
540500,西藏自治区,山南市,,city,91.771426,29.237722
540528,西藏自治区,山南市,加查县,district,92.597518,29.138165
540523,西藏自治区,山南市,桑日县,district,92.017723,29.259439
540502,西藏自治区,山南市,乃东区,district,91.761538,29.224904
540521,西藏自治区,山南市,扎囊县,district,91.33725,29.245113
540522,西藏自治区,山南市,贡嘎县,district,90.978425,29.290169
540531,西藏自治区,山南市,浪卡子县,district,90.400251,28.96693
540525,西藏自治区,山南市,曲松县,district,92.203738,29.062826
540524,西藏自治区,山南市,琼结县,district,91.684307,29.024492
540526,西藏自治区,山南市,措美县,district,91.433509,28.438202
540529,西藏自治区,山南市,隆子县,district,92.461774,28.40743
540581,西藏自治区,山南市,错那市,district,91.79319,27.872819
540527,西藏自治区,山南市,洛扎县,district,90.859971,28.385811
540400,西藏自治区,林芝市,,city,94.361436,29.64875
540424,西藏自治区,林芝市,波密县,district,95.768439,29.859751
540421,西藏自治区,林芝市,工布江达县,district,93.246077,29.88528
540402,西藏自治区,林芝市,巴宜区,district,94.361094,29.636576
540423,西藏自治区,林芝市,墨脱县,district,95.332108,29.325425
540481,西藏自治区,林芝市,米林市,district,94.213059,29.215971
540425,西藏自治区,林芝市,察隅县,district,97.466919,28.66128
540426,西藏自治区,林芝市,朗县,district,93.07254,29.046892
542500,西藏自治区,阿里地区,,city,80.105786,32.500987
542526,西藏自治区,阿里地区,改则县,district,84.057135,32.297165
542522,西藏自治区,阿里地区,札达县,district,79.807096,31.479882
542527,西藏自治区,阿里地区,措勤县,district,85.152773,31.015862
542521,西藏自治区,阿里地区,普兰县,district,81.177116,30.290467
542524,西藏自治区,阿里地区,日土县,district,79.733552,33.382017
542523,西藏自治区,阿里地区,噶尔县,district,80.096591,32.492078
542525,西藏自治区,阿里地区,革吉县,district,81.145433,32.387233
530000,云南省,,,province,102.709372,25.046432
530600,云南省,昭通市,,city,103.717078,27.338185
530626,云南省,昭通市,绥江县,district,103.968995,28.592119
530681,云南省,昭通市,水富市,district,104.415964,28.629951
530625,云南省,昭通市,永善县,district,103.63756,28.229018
530629,云南省,昭通市,威信县,district,105.049012,27.846839
530622,云南省,昭通市,巧家县,district,102.935343,26.896904
530628,云南省,昭通市,彝良县,district,104.055991,27.624277
530621,云南省,昭通市,鲁甸县,district,103.557969,27.186668
530623,云南省,昭通市,盐津县,district,104.234458,28.108475
530627,云南省,昭通市,镇雄县,district,104.873486,27.441527
530624,云南省,昭通市,大关县,district,103.891164,27.748054
530602,云南省,昭通市,昭阳区,district,103.706323,27.320035
530300,云南省,曲靖市,,city,103.796288,25.490866
530326,云南省,曲靖市,会泽县,district,103.297155,26.417116
530304,云南省,曲靖市,马龙区,district,103.578459,25.428102
530323,云南省,曲靖市,师宗县,district,103.985224,24.822471
530302,云南省,曲靖市,麒麟区,district,103.804406,25.496472
530322,云南省,曲靖市,陆良县,district,103.66671,25.0293
530303,云南省,曲靖市,沾益区,district,103.822104,25.600424
530381,云南省,曲靖市,宣威市,district,104.104255,26.218956
530325,云南省,曲靖市,富源县,district,104.255082,25.674217
530324,云南省,曲靖市,罗平县,district,104.297124,24.865388
532500,云南省,红河哈尼族彝族自治州,,city,103.374873,23.363129
532504,云南省,红河哈尼族彝族自治州,弥勒市,district,103.414817,24.411774
532524,云南省,红河哈尼族彝族自治州,建水县,district,102.826178,23.635824
532502,云南省,红河哈尼族彝族自治州,开远市,district,103.266908,23.714518
532529,云南省,红河哈尼族彝族自治州,红河县,district,102.420566,23.368946
532523,云南省,红河哈尼族彝族自治州,屏边苗族自治县,district,103.675458,22.986733
532531,云南省,红河哈尼族彝族自治州,绿春县,district,102.392655,22.993654
532501,云南省,红河哈尼族彝族自治州,个旧市,district,103.152663,23.389935
532525,云南省,红河哈尼族彝族自治州,石屏县,district,102.496138,23.705707
532503,云南省,红河哈尼族彝族自治州,蒙自市,district,103.364936,23.396111
532527,云南省,红河哈尼族彝族自治州,泸西县,district,103.76615,24.531981
532528,云南省,红河哈尼族彝族自治州,元阳县,district,102.835358,23.219671
532530,云南省,红河哈尼族彝族自治州,金平苗族瑶族傣族自治县,district,103.227982,22.769894
532532,云南省,红河哈尼族彝族自治州,河口瑶族自治县,district,103.939265,22.529438
533300,云南省,怒江傈僳族自治州,,city,98.8566,25.817555
533324,云南省,怒江傈僳族自治州,贡山独龙族怒族自治县,district,98.666279,27.740839
533323,云南省,怒江傈僳族自治州,福贡县,district,98.869132,26.901831
533325,云南省,怒江傈僳族自治州,兰坪白族普米族自治县,district,99.416628,26.453622
533301,云南省,怒江傈僳族自治州,泸水市,district,98.857723,25.822579
530400,云南省,玉溪市,,city,102.526673,24.346786
530425,云南省,玉溪市,易门县,district,102.161947,24.672156
530402,云南省,玉溪市,红塔区,district,102.540122,24.341215
530424,云南省,玉溪市,华宁县,district,102.928914,24.19322
530403,云南省,玉溪市,江川区,district,102.748499,24.299441
530481,云南省,玉溪市,澄江市,district,102.904181,24.675536
530428,云南省,玉溪市,元江哈尼族彝族傣族自治县,district,101.998138,23.596068
530427,云南省,玉溪市,新平彝族傣族自治县,district,101.990805,24.070436
530426,云南省,玉溪市,峨山彝族自治县,district,102.405698,24.168899
530423,云南省,玉溪市,通海县,district,102.725538,24.11114
532900,云南省,大理白族自治州,,city,100.267608,25.606548
532931,云南省,大理白族自治州,剑川县,district,99.905041,26.536889
532901,云南省,大理白族自治州,大理市,district,100.301614,25.678466
532930,云南省,大理白族自治州,洱源县,district,99.962294,26.11337
532928,云南省,大理白族自治州,永平县,district,99.54063,25.464134
532927,云南省,大理白族自治州,巍山彝族回族自治县,district,100.306977,25.227065
532923,云南省,大理白族自治州,祥云县,district,100.549961,25.483727
532926,云南省,大理白族自治州,南涧彝族自治县,district,100.510333,25.032353
532925,云南省,大理白族自治州,弥渡县,district,100.491038,25.343778
532932,云南省,大理白族自治州,鹤庆县,district,100.176331,26.560122
532924,云南省,大理白族自治州,宾川县,district,100.590274,25.830491
532929,云南省,大理白族自治州,云龙县,district,99.371021,25.885733
532922,云南省,大理白族自治州,漾濞彝族自治县,district,99.958089,25.669944
533400,云南省,迪庆藏族自治州,,city,99.70211,27.819149
533401,云南省,迪庆藏族自治州,香格里拉市,district,99.743582,27.842185
533423,云南省,迪庆藏族自治州,维西傈僳族自治县,district,99.300937,27.163808
533422,云南省,迪庆藏族自治州,德钦县,district,98.917851,28.464213
530500,云南省,保山市,,city,99.161489,25.112018
530581,云南省,保山市,腾冲市,district,98.490276,25.020283
530502,云南省,保山市,隆阳区,district,99.165638,25.121137
530521,云南省,保山市,施甸县,district,99.18919,24.723084
530523,云南省,保山市,龙陵县,district,98.68941,24.586703
530524,云南省,保山市,昌宁县,district,99.605105,24.827739
530700,云南省,丽江市,,city,100.225936,26.855165
530724,云南省,丽江市,宁蒗彝族自治县,district,100.851083,27.282207
530722,云南省,丽江市,永胜县,district,100.750907,26.684215
530702,云南省,丽江市,古城区,district,100.22583,26.876468
530721,云南省,丽江市,玉龙纳西族自治县,district,100.236967,26.821494
530723,云南省,丽江市,华坪县,district,101.265373,26.629598
532800,云南省,西双版纳傣族自治州,,city,100.797002,22.009037
532822,云南省,西双版纳傣族自治州,勐海县,district,100.452444,21.957323
532823,云南省,西双版纳傣族自治州,勐腊县,district,101.564635,21.459233
532801,云南省,西双版纳傣族自治州,景洪市,district,100.799595,22.011792
532300,云南省,楚雄彝族自治州,,city,101.528304,25.045678
532326,云南省,楚雄彝族自治州,大姚县,district,101.336576,25.729551
532328,云南省,楚雄彝族自治州,元谋县,district,101.87434,25.704499
532323,云南省,楚雄彝族自治州,牟定县,district,101.546898,25.312939
532325,云南省,楚雄彝族自治州,姚安县,district,101.241632,25.504287
532302,云南省,楚雄彝族自治州,禄丰市,district,102.079082,25.151061
532301,云南省,楚雄彝族自治州,楚雄市,district,101.546242,25.032945
532324,云南省,楚雄彝族自治州,南华县,district,101.283236,25.200163
532327,云南省,楚雄彝族自治州,永仁县,district,101.666795,26.049522
532322,云南省,楚雄彝族自治州,双柏县,district,101.642369,24.688814
532329,云南省,楚雄彝族自治州,武定县,district,102.403949,25.530731
530100,云南省,昆明市,,city,102.833669,24.88149
530113,云南省,昆明市,东川区,district,103.187825,26.082997
530102,云南省,昆明市,五华区,district,102.707262,25.043635
530115,云南省,昆明市,晋宁区,district,102.595325,24.669077
530181,云南省,昆明市,安宁市,district,102.47865,24.919831
530112,云南省,昆明市,西山区,district,102.664426,25.038039
530124,云南省,昆明市,富民县,district,102.497722,25.221924
530103,云南省,昆明市,盘龙区,district,102.751643,25.116512
530126,云南省,昆明市,石林彝族自治县,district,103.290536,24.771761
530128,云南省,昆明市,禄劝彝族苗族自治县,district,102.471993,25.551768
530111,云南省,昆明市,官渡区,district,102.748888,24.950285
530114,云南省,昆明市,呈贡区,district,102.822104,24.885738
530125,云南省,昆明市,宜良县,district,103.141674,24.91983
530129,云南省,昆明市,寻甸回族彝族自治县,district,103.256559,25.558163
530127,云南省,昆明市,嵩明县,district,103.043384,25.327273
530800,云南省,普洱市,,city,100.966011,22.825229
530825,云南省,普洱市,镇沅彝族哈尼族拉祜族自治县,district,101.108733,24.00445
530822,云南省,普洱市,墨江哈尼族自治县,district,101.692461,23.431894
530824,云南省,普洱市,景谷傣族彝族自治县,district,100.702807,23.496987
530828,云南省,普洱市,澜沧拉祜族自治县,district,99.932045,22.555799
530829,云南省,普洱市,西盟佤族自治县,district,99.59016,22.644237
530826,云南省,普洱市,江城哈尼族彝族自治县,district,101.862344,22.585858
530823,云南省,普洱市,景东彝族自治县,district,100.833877,24.446731
530802,云南省,普洱市,思茅区,district,100.977069,22.786769
530821,云南省,普洱市,宁洱哈尼族彝族自治县,district,101.045743,23.048809
530827,云南省,普洱市,孟连傣族拉祜族佤族自治县,district,99.584225,22.329053
533100,云南省,德宏傣族景颇族自治州,,city,98.585621,24.433146
533122,云南省,德宏傣族景颇族自治州,梁河县,district,98.296584,24.804275
533103,云南省,德宏傣族景颇族自治州,芒市,district,98.58809,24.433766
533124,云南省,德宏傣族景颇族自治州,陇川县,district,97.793359,24.182347
533123,云南省,德宏傣族景颇族自治州,盈江县,district,97.943474,24.691325
533102,云南省,德宏傣族景颇族自治州,瑞丽市,district,97.855423,24.018377
532600,云南省,文山壮族苗族自治州,,city,104.21567,23.400983
532601,云南省,文山壮族苗族自治州,文山市,district,104.233237,23.38683
532625,云南省,文山壮族苗族自治州,马关县,district,104.394524,23.013108
532624,云南省,文山壮族苗族自治州,麻栗坡县,district,104.702732,23.125837
532627,云南省,文山壮族苗族自治州,广南县,district,105.055075,24.046378
532626,云南省,文山壮族苗族自治州,丘北县,district,104.166713,24.05064
532623,云南省,文山壮族苗族自治州,西畴县,district,104.671802,23.437707
532622,云南省,文山壮族苗族自治州,砚山县,district,104.336905,23.605075
532628,云南省,文山壮族苗族自治州,富宁县,district,105.630921,23.625072
530900,云南省,临沧市,,city,100.088837,23.884175
530922,云南省,临沧市,云县,district,100.1303,24.444461
530902,云南省,临沧市,临翔区,district,100.082073,23.895298
530925,云南省,临沧市,双江拉祜族佤族布朗族傣族自治县,district,99.828225,23.472719
530927,云南省,临沧市,沧源佤族自治县,district,99.245894,23.146758
530924,云南省,临沧市,镇康县,district,98.825389,23.762886
530926,云南省,临沧市,耿马傣族佤族自治县,district,99.397126,23.538092
530923,云南省,临沧市,永德县,district,99.258702,24.018463
530921,云南省,临沧市,凤庆县,district,99.92873,24.580559
710000,台湾省,,,province,121.509062,25.044332
710900,台湾省,南投县,,city,120.694275,23.900005
710901,台湾省,南投县,南投市,district,120.690829,23.90883
710902,台湾省,南投县,鱼池乡,district,120.939341,23.893017
710903,台湾省,南投县,国姓乡,district,120.861198,24.037205
710904,台湾省,南投县,埔里镇,district,120.972925,23.963813
710905,台湾省,南投县,草屯镇,district,120.683974,23.97098
710906,台湾省,南投县,仁爱乡,district,121.189945,24.020254
710907,台湾省,南投县,名间乡,district,120.7067,23.83555
710908,台湾省,南投县,鹿谷乡,district,120.757256,23.743279
710909,台湾省,南投县,中寮乡,district,120.769911,23.876394
710910,台湾省,南投县,集集镇,district,120.79029,23.825829
710911,台湾省,南投县,水里乡,district,120.859746,23.808673
710912,台湾省,南投县,竹山镇,district,120.675411,23.755204
710913,台湾省,南投县,信义乡,district,120.858218,23.694106
711000,台湾省,花莲县,,city,121.623496,23.988516
711001,台湾省,花莲县,玉里镇,district,121.319033,23.333054
711002,台湾省,花莲县,富里乡,district,121.254068,23.176879
711003,台湾省,花莲县,瑞穗乡,district,121.450215,23.489437
711004,台湾省,花莲县,万荣乡,district,121.415059,23.712415
711005,台湾省,花莲县,卓溪乡,district,121.306701,23.342096
711006,台湾省,花莲县,光复乡,district,121.42737,23.666979
711007,台湾省,花莲县,凤林镇,district,121.455846,23.742259
711011,台湾省,花莲县,花莲市,district,121.610418,23.979317
711009,台湾省,花莲县,吉安乡,district,121.567352,23.970154
711010,台湾省,花莲县,寿丰乡,district,121.512769,23.867733
711012,台湾省,花莲县,新城乡,district,121.608047,24.036494
711008,台湾省,花莲县,丰滨乡,district,121.524937,23.598604
711013,台湾省,花莲县,秀林乡,district,121.506881,23.958682
711100,台湾省,苗栗县,,city,120.824518,24.561954
711101,台湾省,苗栗县,三湾乡,district,120.964051,24.651904
711102,台湾省,苗栗县,泰安乡,district,120.911839,24.444221
711103,台湾省,苗栗县,卓兰镇,district,120.828209,24.310189
711104,台湾省,苗栗县,造桥乡,district,120.86898,24.635312
711105,台湾省,苗栗县,头屋乡,district,120.85481,24.57477
711106,台湾省,苗栗县,公馆乡,district,120.832253,24.502957
711107,台湾省,苗栗县,大湖乡,district,120.869855,24.420422
711108,台湾省,苗栗县,南庄乡,district,121.004227,24.594247
711109,台湾省,苗栗县,狮潭乡,district,120.924077,24.536351
711110,台湾省,苗栗县,三义乡,district,120.774087,24.410113
711111,台湾省,苗栗县,铜锣乡,district,120.791701,24.484214
711112,台湾省,苗栗县,苗栗市,district,120.822801,24.558781
711113,台湾省,苗栗县,西湖乡,district,120.759424,24.557418
711114,台湾省,苗栗县,头份市,district,120.916582,24.683483
711115,台湾省,苗栗县,苑里镇,district,120.656987,24.43672
711116,台湾省,苗栗县,通霄镇,district,120.688037,24.488397
711117,台湾省,苗栗县,后龙镇,district,120.79589,24.611181
711118,台湾省,苗栗县,竹南镇,district,120.877043,24.680857
710400,台湾省,台中市,,city,120.650551,24.159004
710401,台湾省,台中市,东区,district,120.707694,24.133911
710402,台湾省,台中市,西屯区,district,120.637487,24.162577
710404,台湾省,台中市,潭子区,district,120.727048,24.200761
710403,台湾省,台中市,和平区,district,120.887226,24.172337
710405,台湾省,台中市,后里区,district,120.714565,24.302154
710406,台湾省,台中市,西区,district,120.674982,24.138413
710407,台湾省,台中市,南屯区,district,120.647976,24.131673
710409,台湾省,台中市,太平区,district,120.722163,24.12377
710408,台湾省,台中市,东势区,district,120.831695,24.255728
710410,台湾省,台中市,新社区,district,120.813793,24.231373
710413,台湾省,台中市,外埔区,district,120.658045,24.329224
710411,台湾省,台中市,乌日区,district,120.627517,24.101756
710414,台湾省,台中市,神冈区,district,120.66514,24.255134
710412,台湾省,台中市,中区,district,120.683386,24.141063
710418,台湾省,台中市,石冈区,district,120.784147,24.272015
710417,台湾省,台中市,雾峰区,district,120.703915,24.058339
710416,台湾省,台中市,沙鹿区,district,120.569814,24.230282
710415,台湾省,台中市,丰原区,district,120.721946,24.239161
710419,台湾省,台中市,南区,district,120.667315,24.114345
710422,台湾省,台中市,北区,district,120.685987,24.163124
710420,台湾省,台中市,大里区,district,120.689655,24.097212
710423,台湾省,台中市,北屯区,district,120.690175,24.179918
710421,台湾省,台中市,大肚区,district,120.549319,24.148297
710424,台湾省,台中市,大雅区,district,120.651532,24.226255
710429,台湾省,台中市,大甲区,district,120.626153,24.346187
710426,台湾省,台中市,梧栖区,district,120.535391,24.252025
710427,台湾省,台中市,清水区,district,120.563496,24.265294
710428,台湾省,台中市,大安区,district,120.59029,24.343249
710425,台湾省,台中市,龙井区,district,120.549313,24.18987
711300,台湾省,彰化县,,city,120.548249,24.072772
711302,台湾省,彰化县,北斗镇,district,120.525655,23.868753
711301,台湾省,彰化县,埔心乡,district,120.547242,23.950355
711303,台湾省,彰化县,田尾乡,district,120.52974,23.889605
711304,台湾省,彰化县,溪湖镇,district,120.48752,23.963818
711305,台湾省,彰化县,社头乡,district,120.589436,23.894099
711306,台湾省,彰化县,大村乡,district,120.550904,23.990712
711308,台湾省,彰化县,员林市,district,120.57805,23.95622
711307,台湾省,彰化县,花坛乡,district,120.55392,24.028492
711309,台湾省,彰化县,二水乡,district,120.622631,23.803892
711310,台湾省,彰化县,溪州乡,district,120.50285,23.849042
711311,台湾省,彰化县,埔盐乡,district,120.467645,23.997968
711312,台湾省,彰化县,彰化市,district,120.546003,24.078125
711313,台湾省,彰化县,永靖乡,district,120.551435,23.921944
711314,台湾省,彰化县,埤头乡,district,120.466129,23.889174
711316,台湾省,彰化县,芬园乡,district,120.632661,24.010851
711315,台湾省,彰化县,田中镇,district,120.584582,23.858801
711317,台湾省,彰化县,和美镇,district,120.498256,24.105818
711318,台湾省,彰化县,秀水乡,district,120.506647,24.032794
711320,台湾省,彰化县,竹塘乡,district,120.431783,23.858085
711319,台湾省,彰化县,二林镇,district,120.378524,23.897594
711321,台湾省,彰化县,大城乡,district,120.32494,23.849845
711323,台湾省,彰化县,福兴乡,district,120.447743,24.045156
711324,台湾省,彰化县,鹿港镇,district,120.439121,24.054799
711322,台湾省,彰化县,芳苑乡,district,120.324442,23.921905
711325,台湾省,彰化县,线西乡,district,120.47453,24.12817
711326,台湾省,彰化县,伸港乡,district,120.490112,24.1571
711400,台湾省,云林县,,city,120.530168,23.696393
711401,台湾省,云林县,土库镇,district,120.396124,23.675334
711402,台湾省,云林县,林内乡,district,120.616568,23.753591
711403,台湾省,云林县,古坑乡,district,120.565623,23.639971
711404,台湾省,云林县,水林乡,district,120.249897,23.570246
711405,台湾省,云林县,莿桐乡,district,120.506413,23.758414
711406,台湾省,云林县,褒忠乡,district,120.30774,23.688593
711407,台湾省,云林县,北港镇,district,120.306322,23.573508
711408,台湾省,云林县,虎尾镇,district,120.449239,23.706003
711409,台湾省,云林县,元长乡,district,120.323802,23.640367
711410,台湾省,云林县,二仑乡,district,120.417059,23.768732
711411,台湾省,云林县,大埤乡,district,120.435483,23.64372
711412,台湾省,云林县,西螺镇,district,120.469503,23.795495
711413,台湾省,云林县,仑背乡,district,120.36323,23.759549
711414,台湾省,云林县,东势乡,district,120.256597,23.672426
711415,台湾省,云林县,斗六市,district,120.530752,23.694526
711416,台湾省,云林县,斗南镇,district,120.481619,23.677779
711417,台湾省,云林县,口湖乡,district,120.189914,23.580221
711418,台湾省,云林县,四湖乡,district,120.228341,23.635536
711419,台湾省,云林县,台西乡,district,120.19477,23.717595
711420,台湾省,云林县,麦寮乡,district,120.255301,23.751474
711500,台湾省,台东县,,city,121.154219,22.753016
711508,台湾省,台东县,关山镇,district,121.166995,23.044961
711509,台湾省,台东县,海端乡,district,121.180423,23.09957
711510,台湾省,台东县,金峰乡,district,120.964242,22.591792
711504,台湾省,台东县,池上乡,district,121.218841,23.119891
711514,台湾省,台东县,延平乡,district,121.090014,22.900068
711511,台湾省,台东县,鹿野乡,district,121.15558,22.937336
711505,台湾省,台东县,达仁乡,district,120.886607,22.293948
711506,台湾省,台东县,大武乡,district,120.893545,22.337525
711512,台湾省,台东县,台东市,district,121.150579,22.75205
711501,台湾省,台东县,卑南乡,district,121.091084,22.780241
711507,台湾省,台东县,东河乡,district,121.306607,22.966435
711503,台湾省,台东县,成功镇,district,121.38481,23.102619
711502,台湾省,台东县,长滨乡,district,121.455513,23.31286
711513,台湾省,台东县,太麻里乡,district,121.011308,22.612807
711515,台湾省,台东县,绿岛乡,district,121.472265,22.666615
711516,台湾省,台东县,兰屿乡,district,121.559934,22.021836
710800,台湾省,屏东县,,city,120.491753,22.680205
710814,台湾省,屏东县,里港乡,district,120.498315,22.776467
710821,台湾省,屏东县,内埔乡,district,120.574067,22.605352
710811,台湾省,屏东县,九如乡,district,120.494167,22.737677
710813,台湾省,屏东县,来义乡,district,120.635152,22.5232
710812,台湾省,屏东县,崁顶乡,district,120.517763,22.511892
710808,台湾省,屏东县,高树乡,district,120.603864,22.823787
710822,台湾省,屏东县,屏东市,district,120.49525,22.659718
710820,台湾省,屏东县,南州乡,district,120.513593,22.487515
710817,台湾省,屏东县,玛家乡,district,120.6550818,22.70541118
710816,台湾省,屏东县,麟洛乡,district,120.530905,22.647764
710824,台湾省,屏东县,狮子乡,district,120.709093,22.19904
710802,台湾省,屏东县,潮州镇,district,120.546607,22.546904
710823,台湾省,屏东县,三地门乡,district,120.657751,22.713285
710804,台湾省,屏东县,春日乡,district,120.632652,22.36802
710801,台湾省,屏东县,长治乡,district,120.530992,22.673703
710832,台湾省,屏东县,竹田乡,district,120.547623,22.581785
710825,台湾省,屏东县,泰武乡,district,120.635643,22.588807
710826,台湾省,屏东县,万丹乡,district,120.488862,22.586716
710827,台湾省,屏东县,万峦乡,district,120.571393,22.569691
710829,台湾省,屏东县,新埤乡,district,120.553493,22.46723
710831,台湾省,屏东县,盐埔乡,district,120.576079,22.751489
710828,台湾省,屏东县,雾台乡,district,120.73201,22.746308
710809,台湾省,屏东县,恒春镇,district,120.750956,22.001052
710818,台湾省,屏东县,满州乡,district,120.842214,22.018005
710819,台湾省,屏东县,牡丹乡,district,120.778004,22.123395
710807,台湾省,屏东县,枋山乡,district,120.655877,22.261108
710806,台湾省,屏东县,枋寮乡,district,120.603173,22.35315
710810,台湾省,屏东县,佳冬乡,district,120.556034,22.416249
710803,台湾省,屏东县,车城乡,district,120.71796,22.071195
710830,台湾省,屏东县,新园乡,district,120.465411,22.541121
710815,台湾省,屏东县,林边乡,district,120.51365,22.428722
710805,台湾省,屏东县,东港镇,district,120.463044,22.461278
710833,台湾省,屏东县,琉球乡,district,120.386633,22.345878
710500,台湾省,台南市,,city,120.189139,22.989779
710501,台湾省,台南市,安定区,district,120.241117,23.119059
710502,台湾省,台南市,白河区,district,120.419882,23.348858
710503,台湾省,台南市,北区,district,120.204132,23.010968
710504,台湾省,台南市,大内区,district,120.360881,23.116597
710506,台湾省,台南市,关庙区,district,120.331683,22.960425
710507,台湾省,台南市,东区,district,120.22801,22.977648
710505,台湾省,台南市,新化区,district,120.314833,23.035961
710508,台湾省,台南市,佳里区,district,120.181126,23.162613
710511,台湾省,台南市,左镇区,district,120.412764,23.054315
710514,台湾省,台南市,六甲区,district,120.351456,23.229356
710509,台湾省,台南市,南化区,district,120.481754,23.040414
710515,台湾省,台南市,楠西区,district,120.490188,23.171548
710512,台湾省,台南市,新市区,district,120.299145,23.076388
710510,台湾省,台南市,永康区,district,120.260968,23.023582
710513,台湾省,台南市,后壁区,district,120.36604,23.363595
710516,台湾省,台南市,山上区,district,120.356683,23.101138
710518,台湾省,台南市,学甲区,district,120.186381,23.228007
710517,台湾省,台南市,盐水区,district,120.270054,23.317458
710519,台湾省,台南市,新营区,district,120.320586,23.307691
710521,台湾省,台南市,归仁区,district,120.297964,22.964636
710524,台湾省,台南市,西港区,district,120.207447,23.120374
710522,台湾省,台南市,龙崎区,district,120.369087,22.960632
710520,台湾省,台南市,麻豆区,district,120.262404,23.182354
710528,台湾省,台南市,仁德区,district,120.255636,22.969745
710530,台湾省,台南市,官田区,district,120.319384,23.190611
710523,台湾省,台南市,善化区,district,120.300757,23.129849
710526,台湾省,台南市,中西区,district,120.209676,22.989644
710527,台湾省,台南市,柳营区,district,120.315629,23.275894
710525,台湾省,台南市,下营区,district,120.26838,23.232971
710531,台湾省,台南市,玉井区,district,120.46407,23.12127
710529,台湾省,台南市,东山区,district,120.408575,23.32379
710537,台湾省,台南市,北门区,district,120.129578,23.265296
710533,台湾省,台南市,安平区,district,120.173136,22.991972
710532,台湾省,台南市,南区,district,120.192743,22.958367
710534,台湾省,台南市,安南区,district,120.188854,23.044608
710535,台湾省,台南市,七股区,district,120.142977,23.137821
710536,台湾省,台南市,将军区,district,120.162859,23.196564
710200,台湾省,高雄市,,city,120.315976,22.617884
710204,台湾省,高雄市,大树区,district,120.418368,22.681291
710203,台湾省,高雄市,湖内区,district,120.215705,22.90561
710205,台湾省,高雄市,阿莲区,district,120.331403,22.880562
710201,台湾省,高雄市,冈山区,district,120.29905,22.794784
710202,台湾省,高雄市,六龟区,district,120.636306,22.995597
710206,台湾省,高雄市,大社区,district,120.350625,22.727515
710207,台湾省,高雄市,凤山区,district,120.366587,22.624413
710209,台湾省,高雄市,路竹区,district,120.263165,22.851901
710210,台湾省,高雄市,甲仙区,district,120.591292,23.081087
710211,台湾省,高雄市,鸟松区,district,120.368378,22.657184
710213,台湾省,高雄市,美浓区,district,120.545604,22.891954
710208,台湾省,高雄市,大寮区,district,120.399622,22.602883
710212,台湾省,高雄市,内门区,district,120.466512,22.940267
710214,台湾省,高雄市,茂林区,district,120.666909,22.883347
710215,台湾省,高雄市,旗山区,district,120.487326,22.885967
710216,台湾省,高雄市,那玛夏区,district,120.723836,23.274129
710217,台湾省,高雄市,前金区,district,120.298243,22.624793
710223,台湾省,高雄市,桃源区,district,120.767816,23.1568
710218,台湾省,高雄市,田寮区,district,120.363463,22.867297
710222,台湾省,高雄市,新兴区,district,120.314063,22.628287
710219,台湾省,高雄市,仁武区,district,120.351791,22.698466
710220,台湾省,高雄市,燕巢区,district,120.365997,22.785536
710221,台湾省,高雄市,三民区,district,120.303791,22.644908
710224,台湾省,高雄市,桥头区,district,120.309493,22.754892
710225,台湾省,高雄市,杉林区,district,120.54374,22.968939
710226,台湾省,高雄市,林园区,district,120.398348,22.510276
710227,台湾省,高雄市,小港区,district,120.34203,22.562502
710235,台湾省,高雄市,梓官区,district,120.271083,22.757871
710230,台湾省,高雄市,苓雅区,district,120.316146,22.618994
710233,台湾省,高雄市,左营区,district,120.298847,22.687203
710228,台湾省,高雄市,旗津区,district,120.288401,22.587696
710236,台湾省,高雄市,弥陀区,district,120.254633,22.778728
710232,台湾省,高雄市,鼓山区,district,120.284891,22.633993
710234,台湾省,高雄市,楠梓区,district,120.330357,22.725713
710238,台湾省,高雄市,茄萣区,district,120.186522,22.903988
710237,台湾省,高雄市,永安区,district,120.228161,22.815564
710229,台湾省,高雄市,前镇区,district,120.322265,22.583823
710231,台湾省,高雄市,盐埕区,district,120.290656,22.6219
711800,台湾省,嘉义市,,city,120.457655,23.478892
711801,台湾省,嘉义市,东区,district,120.457467,23.476505
711802,台湾省,嘉义市,西区,district,120.439538,23.462129
710700,台湾省,新竹县,,city,121.016866,24.824113
710708,台湾省,新竹县,五峰乡,district,121.123657,24.629407
710710,台湾省,新竹县,新埔镇,district,121.078181,24.822984
710713,台湾省,新竹县,竹东镇,district,121.095859,24.734116
710707,台湾省,新竹县,尖石乡,district,121.206285,24.702343
710711,台湾省,新竹县,芎林乡,district,121.078861,24.774996
710706,台湾省,新竹县,湖口乡,district,121.051932,24.89834
710704,台湾省,新竹县,关西镇,district,121.179851,24.789735
710705,台湾省,新竹县,横山乡,district,121.145583,24.714215
710701,台湾省,新竹县,宝山乡,district,120.995172,24.762628
710702,台湾省,新竹县,北埔乡,district,121.060262,24.699316
710703,台湾省,新竹县,峨眉乡,district,121.023556,24.686031
710709,台湾省,新竹县,新丰乡,district,120.989088,24.89786
710712,台湾省,新竹县,竹北市,district,121.00794,24.836792
711200,台湾省,新竹市,,city,120.972758,24.803902
711201,台湾省,新竹市,东区,district,120.976987,24.802309
711202,台湾省,新竹市,北区,district,120.974116,24.813501
711203,台湾省,新竹市,香山区,district,120.945993,24.791206
710600,台湾省,桃园市,,city,121.305055,24.990196
710601,台湾省,桃园市,桃园区,district,121.305679,24.991124
710603,台湾省,桃园市,平镇区,district,121.222291,24.942785
710605,台湾省,桃园市,杨梅区,district,121.149897,24.904876
710602,台湾省,桃园市,中坜区,district,121.228946,24.962803
710604,台湾省,桃园市,复兴区,district,121.355238,24.812128
710606,台湾省,桃园市,龙潭区,district,121.226404,24.867698
710608,台湾省,桃园市,大溪区,district,121.291098,24.877775
710607,台湾省,桃园市,龟山区,district,121.341905,24.989843
710609,台湾省,桃园市,八德区,district,121.288617,24.926215
710610,台湾省,桃园市,芦竹区,district,121.299145,25.044237
710611,台湾省,桃园市,大园区,district,121.199464,25.061133
710612,台湾省,桃园市,观音区,district,121.08769,25.025492
710613,台湾省,桃园市,新屋区,district,121.109666,24.969939
711600,台湾省,基隆市,,city,121.74826,25.129044
711602,台湾省,基隆市,暖暖区,district,121.739843,25.097452
711601,台湾省,基隆市,七堵区,district,121.720376,25.094835
711603,台湾省,基隆市,信义区,district,121.755216,25.126692
711604,台湾省,基隆市,中正区,district,121.763137,25.138137
711605,台湾省,基隆市,中山区,district,121.733445,25.150167
711606,台湾省,基隆市,安乐区,district,121.727128,25.118401
711607,台湾省,基隆市,仁爱区,district,121.740533,25.12243
711700,台湾省,宜兰县,,city,121.766995,24.727859
711705,台湾省,宜兰县,宜兰市,district,121.757258,24.749265
711703,台湾省,宜兰县,冬山乡,district,121.796839,24.631537
711704,台湾省,宜兰县,三星乡,district,121.657758,24.662554
711702,台湾省,宜兰县,罗东镇,district,121.770838,24.674093
711701,台湾省,宜兰县,礁溪乡,district,121.775055,24.820637
711706,台湾省,宜兰县,大同乡,district,121.612805,24.674431
711707,台湾省,宜兰县,员山乡,district,121.727006,24.74061
711708,台湾省,宜兰县,南澳乡,district,121.807529,24.463223
711709,台湾省,宜兰县,苏澳镇,district,121.845839,24.591477
711711,台湾省,宜兰县,头城镇,district,121.82508,24.851948
711720,台湾省,宜兰县,飞云岛,district,123.54404,25.776318
711716,台湾省,宜兰县,赤尾屿,district,124.562104,25.919135
711724,台湾省,宜兰县,南屿,district,123.570882,25.75201
711721,台湾省,宜兰县,元宝岛,district,123.545439,25.77616
711717,台湾省,宜兰县,黄尾屿,district,123.686905,25.920844
711726,台湾省,宜兰县,小元宝岛,district,123.547213,25.776897
711718,台湾省,宜兰县,北小岛,district,123.545213,25.727782
711715,台湾省,宜兰县,钓鱼岛,district,123.475139,25.742234
711723,台湾省,宜兰县,北屿,district,123.54786,25.778392
711712,台湾省,宜兰县,花瓶屿,district,121.945358,25.425
711719,台湾省,宜兰县,南小岛,district,123.554209,25.720924
711727,台湾省,宜兰县,五结乡,district,121.802126,24.681795
711722,台湾省,宜兰县,北屿仔岛,district,123.5474788,25.77709267
711725,台湾省,宜兰县,飞屿,district,123.510681,25.732484
711710,台湾省,宜兰县,壮围乡,district,121.789589,24.744044
711713,台湾省,宜兰县,棉花屿,district,122.109821,25.482506
711714,台湾省,宜兰县,彭佳屿,district,122.082908,25.626007
710100,台湾省,台北市,,city,121.568125,25.034604
710101,台湾省,台北市,南港区,district,121.610401,25.051731
710102,台湾省,台北市,文山区,district,121.573916,24.986672
710103,台湾省,台北市,士林区,district,121.523533,25.089851
710104,台湾省,台北市,大同区,district,121.51909,25.063316
710105,台湾省,台北市,松山区,district,121.581016,25.046886
710106,台湾省,台北市,内湖区,district,121.592832,25.066365
710107,台湾省,台北市,中正区,district,121.522216,25.029365
710108,台湾省,台北市,大安区,district,121.538356,25.02355
710109,台湾省,台北市,北投区,district,121.472336,25.122041
710110,台湾省,台北市,中山区,district,121.537454,25.061564
710111,台湾省,台北市,信义区,district,121.585734,25.034811
710112,台湾省,台北市,万华区,district,121.503816,25.032146
712000,台湾省,澎湖县,,city,119.570841,23.567415
712006,台湾省,澎湖县,西屿乡,district,119.511544,23.598556
712005,台湾省,澎湖县,望安乡,district,119.504614,23.355039
712002,台湾省,澎湖县,湖西乡,district,119.656967,23.581341
712004,台湾省,澎湖县,七美乡,district,119.429237,23.204254
712003,台湾省,澎湖县,马公市,district,119.583066,23.563406
712001,台湾省,澎湖县,白沙乡,district,119.602924,23.663818
711900,台湾省,嘉义县,,city,120.296873,23.456215
711905,台湾省,嘉义县,阿里山乡,district,120.717279,23.468718
711901,台湾省,嘉义县,大林镇,district,120.475154,23.601616
711904,台湾省,嘉义县,鹿草乡,district,120.312417,23.408907
711903,台湾省,嘉义县,番路乡,district,120.558017,23.461822
711902,台湾省,嘉义县,大埔乡,district,120.597177,23.292011
711906,台湾省,嘉义县,六脚乡,district,120.294734,23.491596
711907,台湾省,嘉义县,民雄乡,district,120.432447,23.549292
711908,台湾省,嘉义县,梅山乡,district,120.559292,23.582577
711914,台湾省,嘉义县,朴子市,district,120.249909,23.455078
711912,台湾省,嘉义县,新港乡,district,120.357359,23.5553
711911,台湾省,嘉义县,义竹乡,district,120.247207,23.33365
711910,台湾省,嘉义县,太保市,district,120.336446,23.456444
711915,台湾省,嘉义县,竹崎乡,district,120.555063,23.520286
711909,台湾省,嘉义县,溪口乡,district,120.396443,23.600169
711913,台湾省,嘉义县,水上乡,district,120.413437,23.427934
711916,台湾省,嘉义县,中埔乡,district,120.526691,23.422589
711918,台湾省,嘉义县,东石乡,district,120.157912,23.456404
711917,台湾省,嘉义县,布袋镇,district,120.171221,23.375786
710300,台湾省,新北市,,city,121.469601,25.009612
710325,台湾省,新北市,新店区,district,121.545765,24.964364
710319,台湾省,新北市,泰山区,district,121.435572,25.056722
710317,台湾省,新北市,树林区,district,121.428784,24.987361
710302,台湾省,新北市,板桥区,district,121.463381,25.007098
710309,台湾省,新北市,坪林区,district,121.715643,24.933334
710313,台湾省,新北市,三重区,district,121.492418,25.058036
710326,台湾省,新北市,新庄区,district,121.454494,25.033205
710327,台湾省,新北市,莺歌区,district,121.358429,24.953345
710308,台湾省,新北市,平溪区,district,121.742132,25.02385
710314,台湾省,新北市,深坑区,district,121.619715,24.999562
710311,台湾省,新北市,三峡区,district,121.37322,24.931563
710320,台湾省,新北市,土城区,district,121.447109,24.969909
710328,台湾省,新北市,永和区,district,121.52417,25.006356
710324,台湾省,新北市,汐止区,district,121.6624,25.06123
710329,台湾省,新北市,中和区,district,121.504703,24.995862
710318,台湾省,新北市,双溪区,district,121.869484,25.030845
710323,台湾省,新北市,乌来区,district,121.551848,24.868901
710315,台湾省,新北市,石碇区,district,121.661701,24.988593
710322,台湾省,新北市,五股区,district,121.442217,25.080433
710307,台湾省,新北市,芦洲区,district,121.477867,25.081976
710321,台湾省,新北市,万里区,district,121.693339,25.175235
710304,台湾省,新北市,贡寮区,district,121.909763,25.017955
710316,台湾省,新北市,石门区,district,121.571606,25.288324
710305,台湾省,新北市,金山区,district,121.640384,25.219378
710312,台湾省,新北市,三芝区,district,121.504905,25.254992
710303,台湾省,新北市,淡水区,district,121.447813,25.18439
710301,台湾省,新北市,八里区,district,121.410604,25.151192
710306,台湾省,新北市,林口区,district,121.392799,25.074203
710310,台湾省,新北市,瑞芳区,district,121.813714,25.105951
220000,吉林省,,,province,125.325802,43.896942
220200,吉林省,吉林市,,city,126.549719,43.838132
220283,吉林省,吉林市,舒兰市,district,126.965515,44.405922
220282,吉林省,吉林市,桦甸市,district,126.746245,42.972272
220281,吉林省,吉林市,蛟河市,district,127.344773,43.72382
220221,吉林省,吉林市,永吉县,district,126.497899,43.672198
220284,吉林省,吉林市,磐石市,district,126.060328,42.946608
220203,吉林省,吉林市,龙潭区,district,126.562131,43.910743
220211,吉林省,吉林市,丰满区,district,126.561351,43.821192
220202,吉林省,吉林市,昌邑区,district,126.574414,43.881896
220204,吉林省,吉林市,船营区,district,126.540909,43.833806
220100,吉林省,长春市,,city,125.323643,43.816996
220182,吉林省,长春市,榆树市,district,126.533126,44.840263
220183,吉林省,长春市,德惠市,district,125.728552,44.521788
220112,吉林省,长春市,双阳区,district,125.664583,43.525367
220122,吉林省,长春市,农安县,district,125.184921,44.432829
220184,吉林省,长春市,公主岭市,district,124.79379,43.495116
220102,吉林省,长春市,南关区,district,125.307232,43.798665
220113,吉林省,长春市,九台区,district,125.839549,44.151672
220104,吉林省,长春市,朝阳区,district,125.288168,43.833845
220106,吉林省,长春市,绿园区,district,125.256214,43.881047
220105,吉林省,长春市,二道区,district,125.37419,43.865912
220103,吉林省,长春市,宽城区,district,125.326614,43.943522
220800,吉林省,白城市,,city,122.838102,45.620131
220881,吉林省,白城市,洮南市,district,122.79845,45.356849
220882,吉林省,白城市,大安市,district,124.291032,45.507004
220822,吉林省,白城市,通榆县,district,123.088093,44.812912
220802,吉林省,白城市,洮北区,district,122.851105,45.621545
220821,吉林省,白城市,镇赉县,district,123.19967,45.848195
220700,吉林省,松原市,,city,124.825321,45.14191
220723,吉林省,松原市,乾安县,district,124.040651,45.003539
220722,吉林省,松原市,长岭县,district,123.967244,44.276293
220721,吉林省,松原市,前郭尔罗斯蒙古族自治县,district,124.823417,45.118061
220781,吉林省,松原市,扶余市,district,126.049534,44.989057
220702,吉林省,松原市,宁江区,district,124.875965,45.209435
220300,吉林省,四平市,,city,124.350599,43.166764
220303,吉林省,四平市,铁东区,district,124.409852,43.162664
220382,吉林省,四平市,双辽市,district,123.502398,43.518301
220322,吉林省,四平市,梨树县,district,124.335389,43.30706
220302,吉林省,四平市,铁西区,district,124.345994,43.146288
220323,吉林省,四平市,伊通满族自治县,district,125.305393,43.345754
220400,吉林省,辽源市,,city,125.144676,42.887961
220402,吉林省,辽源市,龙山区,district,125.13703,42.902194
220421,吉林省,辽源市,东丰县,district,125.53096,42.677253
220422,吉林省,辽源市,东辽县,district,124.991045,42.925636
220403,吉林省,辽源市,西安区,district,125.149488,42.927252
220500,吉林省,通化市,,city,125.939721,41.728312
220503,吉林省,通化市,二道江区,district,126.042546,41.773989
220521,吉林省,通化市,通化县,district,125.758927,41.680135
220524,吉林省,通化市,柳河县,district,125.744654,42.284594
220523,吉林省,通化市,辉南县,district,126.046006,42.684706
220581,吉林省,通化市,梅河口市,district,125.711129,42.539183
220582,吉林省,通化市,集安市,district,126.193172,41.125805
220502,吉林省,通化市,东昌区,district,125.927187,41.702872
220600,吉林省,白山市,,city,126.414274,41.944132
220622,吉林省,白山市,靖宇县,district,126.813262,42.388902
220605,吉林省,白山市,江源区,district,126.591178,42.056747
220621,吉林省,白山市,抚松县,district,127.449387,42.221038
220623,吉林省,白山市,长白朝鲜族自治县,district,128.20066,41.420253
220602,吉林省,白山市,浑江区,district,126.416093,41.945409
220681,吉林省,白山市,临江市,district,126.918086,41.811979
222400,吉林省,延边朝鲜族自治州,,city,129.470605,42.909426
222404,吉林省,延边朝鲜族自治州,珲春市,district,130.365829,42.862551
222402,吉林省,延边朝鲜族自治州,图们市,district,129.843807,42.968039
222424,吉林省,延边朝鲜族自治州,汪清县,district,129.785137,43.317215
222401,吉林省,延边朝鲜族自治州,延吉市,district,129.507655,42.891034
222426,吉林省,延边朝鲜族自治州,安图县,district,128.899744,43.111978
222405,吉林省,延边朝鲜族自治州,龙井市,district,129.426529,42.767172
222403,吉林省,延边朝鲜族自治州,敦化市,district,128.232235,43.372669
222406,吉林省,延边朝鲜族自治州,和龙市,district,129.010932,42.546434
